GLOBALEVENTID,SQLDATE,Actor1CountryCode,Actor2CountryCode,EventCode,EventRootCode,GoldsteinScale,AvgTone,SOURCEURL,date,sample_type,event_label
1002114865,20210902,,USA,130,13,-4.4,-1.52380952380952,https://www.chron.com/news/article/Hospital-costs-for-unvaccinated-over-2-months-may-16429483.php,2021-09-02,regular,
1002149847,20210902,,GBR,100,10,-5.0,-5.17830972154372,https://eturbonews.com/225563/ubers-hell-spyware-created-fake-lyft-riders-and-accessed-lyft-drivers-personal-information-is-uber-liable/,2021-09-02,regular,
1002325361,20210903,,USA,180,18,-9.0,-19.0839694656489,https://www.thewesterlysun.com/news/police-courts/police-logs-thursday-sept-2-2021/article_90f07d60-0c0b-11ec-a38c-cbf14b711fe2.html,2021-09-03,regular,
1002635433,20210905,USA,,180,18,-9.0,-2.71604938271605,https://www.columbiatribune.com/story/entertainment/books/2021/09/05/casey-ceps-furious-hours-one-read-brings-depth-true-crime-fascination-harper-lee-truman-capote/8213641002/,2021-09-05,regular,
1002612873,20210905,RUS,,173,17,-5.0,-5.0065963060686,https://riafan.ru/region/nnv/1516124-obvinyaemyi-v-pohishchenii-devushki-nizhegorodec-otkazalsya-davat-pokazaniya,2021-09-05,regular,
1002153506,20210902,USA,RUS,163,16,-8.0,-4.27170868347339,https://sputniknews.com/analysis/202109021083770241-why-are-eu--us-trying-to-throw-legitimacy-of-russias-legislative-elections-into-doubt/,2021-09-02,regular,
1002388961,20210903,,GBR,173,17,-5.0,-13.3620689655172,https://www.gaytimes.co.uk/life/preacher-who-attacked-gay-man-in-homophobic-rant-convicted-of-hate-crime/,2021-09-03,regular,
1002301790,20210903,,USA,173,17,-5.0,-8.59188544152745,https://wbsm.com/fall-river-shooting-suspect-released-jail/,2021-09-03,regular,
1001970609,20210901,USA,,100,10,-5.0,-2.34791889007471,https://freerepublic.com/tag/*/index?more=3990870,2021-09-01,regular,
1002393256,20210903,RUS,,173,17,-5.0,-8.13397129186608,https://www.rferl.org/a/navalny-donates-prize-money/31442245.html,2021-09-03,regular,
1002209664,20210902,USA,,173,17,-5.0,-6.20771985674493,http://www.gilmermirror.com/view/full_story/27817711/article-Thanks-to-local-politics-and-a-railroad--rural-Kinney-County-accounts-for-most-of-Texas--migrant-arrests,2021-09-02,regular,
1002327033,20210903,AFR,USA,154,15,-7.2,-2.80264694433632,https://www.premiumtimesng.com/opinion/analysis/482321-the-lessons-of-durban-and-a-world-still-in-denial-20-years-after-by-adewale-ajadi.html,2021-09-03,regular,
1002261003,20210902,USA,,100,10,-5.0,-7.30281690140845,http://www.msn.com/en-us/news/crime/key-figure-in-nc-ballot-probe-gets-prison-for-benefit-fraud/ar-AAO1TBH,2021-09-02,regular,
1002287708,20210902,USA,,173,17,-5.0,-9.76425346931947,https://localnews8.com/news/national-world/cnn-national/2021/09/02/controversial-police-encounters-fast-facts-3/,2021-09-02,regular,
1002393287,20210903,RUS,,173,17,-5.0,-8.13397129186608,https://www.rferl.org/a/navalny-donates-prize-money/31442245.html,2021-09-03,regular,
1002426472,20210903,,FRA,180,18,-9.0,-6.74603174603174,https://www.ladepeche.fr/2021/09/03/toulouse-il-finit-en-prison-apres-avoir-mis-une-main-aux-fesses-a-une-jeune-femme-devant-la-gare-matabiau-9767590.php,2021-09-03,regular,
1001959591,20210901,IRN,RUS,130,13,-4.4,-1.06241699867198,https://greensboro.com/community/rockingham_now/opinion/biden-has-big-ambitions-in-foreign-policy-can-they-survive-kabul/article_315a0fb0-09bd-11ec-8e57-a7a760dacca9.html,2021-09-01,regular,
1002650871,20210905,,CHN,173,17,-5.0,-3.62694300518134,https://www.independent.co.uk/independentpremium/uyghur-china-morocco-deport-interpol-b1914606.html,2021-09-05,regular,
1002667954,20210905,USA,RUS,173,17,-5.0,-6.31970260223048,https://www.sj-r.com/story/news/2021/09/04/menard-co-police-looking-raymond-gum-warrant-out-murder/5731292001/,2021-09-05,regular,
1002467872,20210903,,USA,173,17,-5.0,-0.78534031413613,https://www.breitbart.com/politics/2021/09/03/media-joe-bidens-afghan-migration-encouraging-fraud-sex-abuse/,2021-09-03,regular,
1002345009,20210903,USA,,160,16,-4.0,-2.63565891472868,https://www.telegraph.co.uk/films/0/parents-said-film-would-ruin-servant-shocked-1960s-britain/,2021-09-03,regular,
1002431587,20210903,USA,,173,17,-5.0,-8.26771653543307,https://www.insideedition.com/former-prosecutor-in-ahmaud-arbery-case-indicted-on-criminal-charges-69615,2021-09-03,regular,
1002187829,20210902,USA,GBR,172,17,-5.0,2.54777070063695,https://www.france24.com/en/live-news/20210902-hassan-headlines-classy-brussels-diamond-league,2021-09-02,regular,
1002151366,20210902,CHN,,172,17,-5.0,-2.56410256410256,http://www.ecns.cn/hd/2021-09-02/detail-ihaqqnar7343676.shtml,2021-09-02,regular,
1002216112,20210902,USA,,160,16,-4.0,3.68550368550368,http://hillsdalecollegian.com/2021/09/hillsdale-alumna-goes-tropical-and-moves-to-hawaii/,2021-09-02,regular,
1002324720,20210903,USA,AFG,100,10,-5.0,-2.49307479224377,https://www.miragenews.com/all-signs-pointed-to-disastrous-us-withdrawal-625459/,2021-09-03,regular,
1002254662,20210902,RUS,,100,10,-5.0,-4.57142857142858,http://www.interfax-religion.com/?act=news&div=16272,2021-09-02,regular,
1002176218,20210902,,USA,173,17,-5.0,-3.99628252788104,https://www.goerie.com/story/opinion/columns/2021/09/01/edinboro-wendys-slaying-victims-family-forgives-convicted-murderer-markese-lampley-alex-cavanah-erie/5599989001/,2021-09-02,regular,
1002667393,20210905,USA,PAK,163,16,-8.0,-4.53929539295393,https://www.bd-pratidin.com/editorial/2021/09/06/687997,2021-09-05,regular,
1001970558,20210901,USA,AFG,154,15,-7.2,-2.59623992837959,https://www.catholicworldreport.com/2021/08/31/aid-group-devastated-as-dozens-of-endangered-employees-stuck-in-afghanistan/,2021-09-01,regular,
1002287681,20210902,USA,,141,14,-6.5,0.73349633251834,https://comicbook.com/tv-shows/news/yellowstone-season-4-premiere-trailer-shows-everybody-pays/,2021-09-02,regular,
1002637292,20210905,JPN,RUS,141,14,-6.5,-3.40826686004351,https://inosmi.ru/politic/20210905/250444217.html,2021-09-05,regular,
1001929049,20210901,,USA,170,17,-7.0,-2.41157556270096,https://www.nytimes.com/2021/08/31/us/martinsville-seven-posthumous-pardons.html,2021-09-01,regular,
1002009623,20210901,USA,,130,13,-4.4,-7.55750273822563,https://www.nbcphiladelphia.com/weather/stories-weather/idas-remnants-flooding-storms-philadelphia/2944797/,2021-09-01,regular,
1002304714,20210903,USA,,100,10,-5.0,-2.19579139981702,https://www.thegazette.com/health-care-medicine/spiking-covid-19-spread-isnt-cause-for-panic-iowa-gov-kim-reynolds-says/,2021-09-03,regular,
1002229101,20210902,USA,RUS,130,13,-4.4,-2.65486725663717,https://www.democracynow.org/2021/9/2/headlines/biden_issues_warning_to_russia_as_ukrainian_president_zelensky_visits_white_house,2021-09-02,regular,
1002392997,20210903,,USA,100,10,-5.0,-3.49907918968692,https://bethesdamagazine.com/bethesda-beat/judge-temporarily-halts-sale-of-westwood-tower-apartments-amid-burial-dispute/,2021-09-03,regular,
1001930375,20210901,USA,,172,17,-5.0,-2.51256281407035,https://kingfm.com/did-you-see-the-macabre-montana-law-that-allows-use-of-dead-bodies/,2021-09-01,regular,
1002576381,20210904,,USA,173,17,-5.0,0.31612223393046,https://www.calgarysun.com/news/national/top-clicks-the-week-that-was-in-viral-stories-11,2021-09-04,regular,
1061040084,20210901,,USA,180,18,-9.0,-13.0,https://www.berkshireeagle.com/crime/prosecutors-seeking-dna-from-new-lebanon-ny-man-accused-of-pittsfield-rape-kidnapping/article_c92f514c-296a-11ed-b147-9bce4334e994.html,2021-09-01,regular,
1002677237,20210905,USA,,100,10,-5.0,-3.00230946882217,https://sv.usembassy.gov/salvadoran-re-election-ruling-undermines-democracy/,2021-09-05,regular,
1002473076,20210904,,USA,130,13,-4.4,-4.12637008381689,https://www.winnipegfreepress.com/business/hard-hit-by-pandemic-ecuadorians-leave-for-new-york-575237002.html,2021-09-04,regular,
1002490862,20210904,USA,,173,17,-5.0,-5.91133004926108,https://www.kezi.com/content/news/50-million-dollars-worth-of-marijuana-seized-in-illegal-grow-in-Douglas-County-575241201.html,2021-09-04,regular,
1002267108,20210902,,RUS,173,17,-5.0,-8.20045558086561,https://www.haaretz.com/israel-news/.premium-israel-releases-pregnant-palestinian-detainee-to-house-arrest-following-outcry-1.10177202,2021-09-02,regular,
1002567104,20210904,RUS,,100,10,-5.0,-10.9375,https://borsen.dk/nyheder/generelt/ruslands-opposition-vil-kaempe-imod-sort-liste-for-medier1,2021-09-04,regular,
1002140711,20210902,GBR,USA,180,18,-9.0,-8.65051903114187,https://qconline.com/news/local/crime-and-courts/andover-man-pleads-guilty-to-three-counts-sexual-assault/article_fdbbae57-496e-564f-b526-898739ebe2c5.html,2021-09-02,regular,
1001976974,20210901,USA,,172,17,-5.0,-6.21931260229132,https://www.washingtonpost.com/politics/courts_law/texas-six-week-abortion-ban/2021/09/01/e53cf372-0a6b-11ec-a6dd-296ba7fb2dce_story.html,2021-09-01,regular,
1002320740,20210903,USA,,173,17,-5.0,-6.85483870967742,https://www.dailytrib.com/2021/09/02/lampasas-man-charged-with-murder-in-two-burnet-county-deaths-victims-named/,2021-09-03,regular,
1002249453,20210902,AFG,GBR,100,10,-5.0,-1.06544901065449,https://www.heraldscotland.com/politics/19555147.scottish-tories-call-uk-government-restore-aid-funding-as-soon-practically-possible/,2021-09-02,regular,
1001927802,20210901,USA,,100,10,-5.0,-1.14226375908619,https://www.bizjournals.com/portland/news/2021/08/31/us-sen-wyden-on-not-betting-against-portland.html,2021-09-01,regular,
1002324705,20210903,USA,,172,17,-5.0,-5.18358531317494,https://tucson.com/news/local/arizona-anti-abortion-leader-says-texas-ban-a-road-map-for-legislation-here/article_f3e250fc-0c14-11ec-b175-ab2eee01e17a.html,2021-09-03,regular,
1002435717,20210903,USA,USA,172,17,-5.0,-7.75623268698061,http://www.msn.com/en-us/news/politics/woman-who-punched-southwest-attendant-charged-with-assault/ar-AAO4EGC,2021-09-03,regular,
1002309865,20210903,USA,,100,10,-5.0,-9.95547073791352,https://kesq.com/news/national-world/cnn-national/2021/09/02/us-school-violence-fast-facts-2/,2021-09-03,regular,
1002460129,20210903,USA,USA,181,18,-9.0,-7.14285714285714,https://www.diariopanorama.com/noticia/392134/uno-beatles-isis-confeso-decapitacion-cuatro-estadounidenses-siria,2021-09-03,regular,
1002137993,20210902,USA,,172,17,-5.0,-2.76134122287969,https://klyq.com/hurricane-ida-brings-pressure-to-oil-and-gas-prices-in-montana/,2021-09-02,regular,
1002128947,20210902,USA,SWE,141,14,-6.5,-6.82352941176471,https://www.greanvillepost.com/2021/09/01/wikipedia-filth-black-ribbon-day/,2021-09-02,regular,
1002101680,20210901,USA,,172,17,-5.0,-2.86718200983837,https://www.wisbar.org/NewsPublications/InsideTrack/Pages/Article.aspx?Volume=13&Issue=17&ArticleID=28596&source=carousel,2021-09-01,regular,
1002664600,20210905,GBR,,160,16,-4.0,-4.15094339622642,https://nationalinterest.org/blog/reboot/meet-flying-p-38-powerhouse-wwii-193156,2021-09-05,regular,
1002462078,20210903,EUR,,160,16,-4.0,-2.46422893481717,"https://home.nzcity.co.nz/news/article.aspx?id=338985&fm=psp,tsf",2021-09-03,regular,
1002259397,20210902,,RUS,160,16,-4.0,-5.16605166051661,https://24tv.ua/sirota-yakogo-vdoma-ne-chekayut-likar-rozpoviv-ukrayina-novini_n1728746,2021-09-02,regular,
1002258960,20210902,USA,,180,18,-9.0,-2.71370420624152,http://www.msn.com/en-us/news/politics/democrats-assail-supreme-court-ruling-on-texas-abortion-restrictions/ar-AAO23hD,2021-09-02,regular,
1002393513,20210903,USA,SYR,172,17,-5.0,-4.59659970017501,https://www.expressnews.com/news/article/Al-Qaida-Islamic-State-group-struggle-for-16433253.php,2021-09-03,regular,
1002324703,20210903,USA,,1712,17,-9.2,-1.45137880986937,https://www.vnews.com/Executive-Council-votes-on-Westboro-cleanup-42246454,2021-09-03,regular,
1002124242,20210902,RUS,,173,17,-5.0,-0.0813669650122097,https://novimagazin.rs/english/255079-relations-with-the-russian-federation-continuity-of-imperial-politics,2021-09-02,regular,
1002027884,20210901,GBR,,172,17,-5.0,-7.56097560975609,https://www.dailyrecord.co.uk/news/scottish-news/scots-sergeant-major-suffers-severe-24885585,2021-09-01,regular,
1002387982,20210903,AFG,GBR,154,15,-7.2,-0.77720207253886,https://www.civilserviceworld.com/news/article/local-leaders-slam-governments-afghan-resettlement-scheme-shambles,2021-09-03,regular,
1002527529,20210904,USA,USA,172,17,-5.0,-0.19417475728155,https://www.providencejournal.com/story/news/politics/2021/09/03/anthony-silva-former-mckee-chief-staff-fined-dbr/5716956001/,2021-09-04,regular,
1002247124,20210902,,USA,173,17,-5.0,-10.4859335038363,https://www.mirror.co.uk/news/us-news/man-denies-setting-fire-boy-24897139,2021-09-02,regular,
1002659467,20210905,RUS,USA,172,17,-5.0,-2.7027027027027,http://internetua.com/rossiiskii-sud-zapretil-google-i-yandeksu-vydavat-ssylki-na-umnoe-golosovanie-,2021-09-05,regular,
1002080438,20210901,,USA,1712,17,-9.2,-9.39457202505217,https://news.kuwaittimes.net/website/new-orleans-under-curfew-as-us-south-tallies-hurricane-ida-damage/,2021-09-01,regular,
1002586018,20210905,,USA,172,17,-5.0,-4.81099656357388,http://lratvakan.com/news/1014893.html,2021-09-05,regular,
1001931597,20210901,RUS,,130,13,-4.4,1.76817288801572,https://eizvestia.com/politika/2021/09/01/smi-ssha-vydeliat-ykraine-v-60-mln-dollarov-voennoi-pomoshi-i-postaviat-rakety-javelin/,2021-09-01,regular,
1002115864,20210902,EUR,HUN,100,10,-5.0,0.9727626459144,https://www.thestar.com.my/news/world/2021/09/02/questioning-primacy-of-eu-law-holding-up-recovery-money-for-poland--gentiloni,2021-09-02,regular,
1002443624,20210903,RUS,,154,15,-7.2,-1.1333914559721,https://24tv.ua/ru/novosti-3-sentjabrja-2021-o-glavnom-za-den-gorjachie-novosti_n1729415,2021-09-03,regular,
1002537481,20210904,RUS,TUR,100,10,-5.0,-2.4390243902439,https://ahvalnews.com/turkey-s400s/russia-using-s-400-issue-undermine-turkeys-rapprochement-west-analyst,2021-09-04,regular,
1002123511,20210902,,USA,173,17,-5.0,-5.25210084033613,https://www.breitbart.com/law-and-order/2021/09/01/hawaii-woman-faces-5000-fine-one-year-in-jail-for-fake-vaccination-card/,2021-09-02,regular,
1002161153,20210902,USA,,100,10,-5.0,-1.73160173160173,https://tulsaworld.com/opinion/columnists/column-biden-s-renewed-focus-on-competition-should-include-defense-megamergers/article_c1503c2c-0a8d-11ec-90ba-bb1faa799801.html,2021-09-02,regular,
1002061921,20210901,ESP,USA,173,17,-5.0,-16.3793103448276,https://www.wtol.com/article/news/crime/toledo-police-suspect-february-murder/512-80d89ec5-731d-4f31-b688-4378e5e7409b,2021-09-01,regular,
1002304085,20210903,,USA,141,14,-6.5,2.09131075110457,https://investingnews.com/news/gold-investing/donlin-gold-initial-2021-drill-program-results-continue-to-deliver-for-project-advancement/,2021-09-03,regular,
1002106196,20210901,,USA,141,14,-6.5,0.77519379844961,https://www.workers.org/2021/09/58719/,2021-09-01,regular,
1002621514,20210905,USA,,144,14,-7.5,-1.49253731343284,http://famagusta-gazette.com/2021/09/05/eu-recommends-member-states-restrict-travel-from-u-s-tourism-impacts-seen-as-minimal/,2021-09-05,regular,
1002574639,20210904,USA,,141,14,-6.5,-7.12979890310786,https://www.msn.com/en-us/news/us/three-schools-forced-into-lockdown-after-anti-masker-proud-boys-try-to-infiltrate/ar-AAO6Cjq,2021-09-04,regular,
1002252634,20210902,USA,,180,18,-9.0,-10.727969348659,https://www.1630kcjj.com/2021/09/02/chicago-man-facing-charges-after-alleged-domestic-incident/,2021-09-02,regular,
1002191147,20210902,USA,AFG,160,16,-4.0,-4.63855421686747,https://www.capital.bg/politika_i_ikonomika/sviat/2021/09/02/4249396_novite_zaplahi_koito_debnat_ot_afganistan/,2021-09-02,regular,
1002244992,20210902,,GBR,130,13,-4.4,-1.48777895855473,https://www.dailymail.co.uk/news/article-9951491/MoD-planners-proposed-moving-Trident-France-America-Scotland-independent.html,2021-09-02,regular,
1002007266,20210901,,USA,100,10,-5.0,-3.99449035812672,https://theintercept.com/2021/09/01/fbi-spy-plane-alazhari-surveillance/,2021-09-01,regular,
1002488759,20210904,EUR,BLR,163,16,-8.0,-6.92362598144183,https://www.courthousenews.com/tensions-and-fences-rise-along-eus-borders-with-belarus/,2021-09-04,regular,
1002412167,20210903,,CHN,173,17,-5.0,-2.29396771452846,https://www.aei.org/op-eds/win-win-cooperation-welcoming-hong-kong-refugees-would-benefit-the-united-states/,2021-09-03,regular,
1002252772,20210902,USA,UKR,138,13,-7.0,-2.81255510491977,https://watermarkonline.com/tag/presidents-biden/,2021-09-02,regular,
1001926312,20210901,,USA,160,16,-4.0,-0.51282051282052,https://abcnews.go.com/US/communities-louisiana-rally-support-hurricane-ida-victims/story?id=79755900,2021-09-01,regular,
1002234147,20210902,USA,,1724,17,-5.0,-7.3739609656082,https://www.lancashiretelegraph.co.uk/news/national/19554980.least-14-killed-remnants-hurricane-ida-swamp-north-eastern-us/,2021-09-02,regular,
1002561995,20210904,IRN,RUS,130,13,-4.4,-1.03626943005182,https://www.winonadailynews.com/opinion/columnists/doyle-mcmanus-biden-has-big-ambitions-in-foreign-policy-can-they-survive-kabul/article_3d874df8-8a1d-549d-bba8-18f13ec984c2.html,2021-09-04,regular,
1002076614,20210901,USA,AFG,173,17,-5.0,-0.26954177897574,https://cnsnews.com/index.php/article/washington/melanie-arter/mccarthy-biden-promised-he-would-not-leave-afghanistan-until-every,2021-09-01,regular,
1002037529,20210901,,USA,173,17,-5.0,-14.2241379310345,https://www.mainepublic.org/courts-and-crime/2021-09-01/milo-father-charged-with-murder-in-death-of-1-month-old-son,2021-09-01,regular,
1002053165,20210901,GBR,,164,16,-7.0,4.03321470937129,https://www.dailymail.co.uk/tvshowbiz/article-9947615/Rachel-Hunter-51-shares-rare-image-kids-Rod-Stewart.html,2021-09-01,regular,
1002419504,20210903,USA,USA,1712,17,-9.2,-5.84269662921348,https://www.huffpost.com/entry/15-striking-photos-you-missed-this-week_n_6132253ae4b0aac9c0161a2c,2021-09-03,regular,
1002059007,20210901,USA,,141,14,-6.5,5.34246575342466,https://www.tmcnet.com/usubmit/2021/09/01/9441423.htm,2021-09-01,regular,
1002372205,20210903,DEU,,1712,17,-9.2,-6.99708454810496,https://www.tt.com/artikel/30800072/hausexplosion-in-bayern-ehepaar-weiter-vermisst-raetsel-um-toedlichen-autounfall,2021-09-03,regular,
1002051563,20210901,USA,,182,18,-9.5,-7.02341137123745,https://www.crimeonline.com/2021/09/01/man-accused-of-using-blowtorch-on-tot-boys-genitals-before-suffocating-beating-him-to-death-says-hes-innocent/,2021-09-01,regular,
1002524222,20210904,USA,USA,180,18,-9.0,-6.66666666666667,https://www.sunjournal.com/2021/09/03/ex-cardinal-mccarrick-91-pleads-not-guilty-in-massachusetts-sex-assault/,2021-09-04,regular,
1006715886,20210929,USA,USA,173,17,-5.0,-4.23728813559323,https://www.kfdi.com/2021/09/29/escaped-larned-sex-predator-caught-in-utah/,2021-09-29,regular,
1007052628,20211001,USA,,170,17,-7.0,-5.61330561330561,http://www.cubadebate.cu/opinion/2020/10/01/obsesion-criminal/,2021-10-01,regular,
1007316692,20211002,CHN,CAN,173,17,-5.0,-0.67001675041876,https://calgaryherald.com/news/canada/its-humbling-michael-spavor-thanks-canadians-world-for-support-while-detained-in-china/wcm/1cd9e744-8fe9-4d07-a170-931be4f99f2b,2021-10-02,regular,
1006342406,20210927,JPN,USA,160,16,-4.0,-6.40204865556978,https://www.msn.com/en-us/news/world/kovrig-and-spavor-a-dangerous-new-era-of-superpower-confrontation-was-signaled-this-weekend/ar-AAOSM60,2021-09-27,regular,
1007123751,20211001,USA,,173,17,-5.0,-9.21169176262181,https://www.dailymail.co.uk/news/article-10047745/Man-pleads-guilty-firing-13-times-Floyd-protest.html,2021-10-01,regular,
1006242929,20210927,EUR,TUR,130,13,-4.4,-3.77420413521496,https://www.moonofalabama.org/2013/06/,2021-09-27,regular,
1006593871,20210928,USA,,180,18,-9.0,-11.1801242236025,https://www.chron.com/news/article/California-sexual-assault-suspect-turned-in-by-16494662.php,2021-09-28,regular,
1006829231,20210930,USA,,172,17,-5.0,-1.01404056162247,https://enlineadirecta.info/2021/09/29/el-peligro-de-los-quimicos-eternos-que-tenemos-en-nuestras-casas-y-la-larga-carrera-por-deshacerse-de-ellos/,2021-09-30,regular,
1007043271,20211001,USA,,160,16,-4.0,-5.98290598290599,https://www.deccanherald.com/specials/this-reddit-forum-has-been-mocking-unvaccinated-people-who-die-of-covid-19-1036037.html,2021-10-01,regular,
1006326112,20210927,,GBR,183,18,-10.0,-9.06593406593408,https://www.belfastlive.co.uk/news/belfast-news/christopher-robinson-appeal-conviction-adrian-21688435,2021-09-27,regular,
1006405667,20210928,GBR,,172,17,-5.0,4.03645833333333,https://www.dailymail.co.uk/tvshowbiz/article-10035615/Drew-Barrymore-says-worships-ex-husband-Kopelmans-new-wife-Alexandra-Michler.html,2021-09-28,regular,
1007229003,20211002,USA,USA,173,17,-5.0,-12.2077922077922,https://tribune.com.pk/story/2322867/deprioritising-us-war-crimes,2021-10-02,regular,
1007093033,20211001,,RUS,100,10,-5.0,-2.02702702702702,https://tass.ru/nedvizhimost/12555539,2021-10-01,regular,
1007398230,20211003,USA,,172,17,-5.0,-2.80561122244489,https://www.ladbible.com/news/news-hiker-has-no-doubt-that-man-he-met-on-trail-was-brian-laundrie-20211003,2021-10-03,regular,
1006557822,20210928,,USA,173,17,-5.0,0.0,https://telegrafi.com/shba-te-thone-se-sovraniteti-republikes-se-kosoves-eshte-pacenueshem/,2021-09-28,regular,
1006714686,20210929,CHN,,150,15,-7.2,-2.51256281407035,https://www.ibtimes.co.in/china-infiltrates-lac-again-damages-bridges-other-infrastructure-uttarakhand-area-high-alert-841151,2021-09-29,regular,
1006905620,20210930,GBR,,160,16,-4.0,-8.74219446922388,https://www.wharfedaleobserver.co.uk/news/national/uk-today/19615384.sarah-everard-murder-wayne-couzens-will-never-freed-jail/,2021-09-30,regular,
1006446049,20210928,GBR,GRC,100,10,-5.0,5.09731232622799,https://neoskosmos.com/en/2021/09/28/life/morias-21-the-trail-of-the-greek-revolution/,2021-09-28,regular,
1007169618,20211001,USA,,141,14,-6.5,-2.90556900726392,https://www.voanews.com/a/fauci-calls-merck-covid-19-pill-data-impressive/6253829.html,2021-10-01,regular,
1006265595,20210927,CHN,TWN,130,13,-4.4,-1.93236714975845,https://menafn.com/1102869629/UK-warship-in-rare-transit-through-Taiwan-Strait&source=22,2021-09-27,regular,
1006446971,20210928,,USA,180,18,-9.0,-10.3448275862069,https://www.americatv.com.pe/noticias/actualidad/comas-ladrones-asaltaron-grifo-octava-vez-n446113,2021-09-28,regular,
1007078230,20211001,USA,,173,17,-5.0,-10.3595890410959,https://www.dailystar.co.uk/news/world-news/twisted-tales-psycho-cops-who-25092441,2021-10-01,regular,
1006414727,20210928,USA,,180,18,-9.0,-3.87243735763098,https://omaha.com/news/state-and-regional/allegations-of-sex-assault-at-unl-started-wave-of-protests-on-campuses-across-us/article_dcc3c408-1f8f-11ec-b398-eb60f21dcc17.html,2021-09-28,regular,
1006799422,20210929,GBR,,1721,17,-5.0,-4.44444444444444,https://www.blisty.cz/topics/87-prava-homosexualu,2021-09-29,regular,
1006515873,20210928,RUS,MLI,130,13,-4.4,-3.81679389312977,https://www.lapresse.ca/international/europe/2021-09-28/la-france-bousculee-sur-l-echiquier-mondial.php,2021-09-28,regular,
1006966427,20210930,IRN,USA,130,13,-4.4,-1.43884892086331,https://www.breitbart.com/politics/2021/09/30/dem-sen-bob-menendez-repudiates-at-least-5-joe-biden-moves-so-far/,2021-09-30,regular,
1007218504,20211002,LTU,CHN,1721,17,-5.0,-0.74626865671641,https://cityof7lakes.com/news/english-news/c7lnews/lithuania-asks-users-to-drop-chinese-smartphone-over-built-in-censorship-tool/,2021-10-02,regular,
1006752456,20210929,USA,,1723,17,-5.0,2.33100233100233,https://www.qsrmagazine.com/news/brooklyn-dumpling-shop-signs-first-multi-unit-deal-florida,2021-09-29,regular,
1007150824,20211001,USA,,141,14,-6.5,-6.74536256323778,https://apnews.com/article/business-health-caribbean-coronavirus-pandemic-havana-477ff35a2e0a2809ee67c89070a56e41,2021-10-01,regular,
1007298210,20211002,CHN,SGP,172,17,-5.0,1.20481927710844,https://techstory.in/singapore-is-granting-crypto-license-to-dbs-unit/,2021-10-02,regular,
1006986980,20210930,,USA,173,17,-5.0,-4.13625304136253,https://www.foxnews.com/entertainment/bill-cosby-civil-trial-playboy-mansion,2021-09-30,regular,
1007173846,20211001,GBR,,186,18,-10.0,-3.68550368550368,https://www.iefimerida.gr/kosmos/mporis-tzonson-astynomia-dolofonia-sara-eberant,2021-10-01,regular,
1006480633,20210928,RUS,,130,13,-4.4,-8.87096774193548,https://menafn.com/1102876446/Russia-reports-record-daily-coronavirus-deaths&source=19,2021-09-28,regular,
1007084176,20211001,RUS,DEU,172,17,-5.0,-4.41298917568692,https://www.dw.com/en/youtube-rt-ban-in-germany/a-59371662,2021-10-01,regular,
1006261920,20210927,RUS,,173,17,-5.0,-6.69546436285097,https://lenta.ru/news/2021/09/27/lipeck/,2021-09-27,regular,
1006397292,20210928,CHN,CHN,100,10,-5.0,3.22886989553656,http://russian.news.cn/2021-09/28/c_1310213320.htm,2021-09-28,regular,
1006902626,20210930,USA,FRA,173,17,-5.0,-6.37860082304527,https://www.unian.net/world/eks-prezidenta-francii-sarkozi-prigovorili-k-godu-tyurmy-novosti-mira-11562439.html,2021-09-30,regular,
1006625601,20210929,,USA,180,18,-9.0,-7.38255033557044,https://www.thewesterlysun.com/news/police-courts/police-logs-tuesday-sept-28-2021/article_ed6b9b60-209c-11ec-a97c-3375e276adbb.html,2021-09-29,regular,
1006306921,20210927,,USA,100,10,-5.0,-5.22041763341068,https://www.businessinsider.com/banned-books-week-censorship-bipartisan-libraries-cancel-culture-2021-9,2021-09-27,regular,
1006938807,20210930,CHN,,130,13,-4.4,-3.35570469798658,https://regnum.ru/news/economy/3384278.html,2021-09-30,regular,
1006804729,20210930,USA,USA,173,17,-5.0,-5.17464424320828,https://www.nbcdfw.com/tag/child-pornography/,2021-09-30,regular,
1006328699,20210927,,RUS,100,10,-5.0,0.62111801242236,https://www.mk.ru/politics/2021/09/27/putin-reshil-umenshit-chislo-kontrolnykh-rabot-v-shkolakh.html,2021-09-27,regular,
1006383673,20210927,USA,USA,130,13,-4.4,-5.28967254408061,https://www.theepochtimes.com/florida-department-of-health-to-impose-fines-on-government-entities-who-mandate-vaccines_4019279.html,2021-09-27,regular,
1007208825,20211002,,USA,100,10,-5.0,-0.84033613445379,https://www.wypr.org/wypr-news/2021-10-01/casa-and-renters-rally-in-annapolis-for-eviction-protections,2021-10-02,regular,
1007301043,20211002,USA,USA,173,17,-5.0,-15.0602409638554,https://apnews.com/article/marijuana-iowa-south-carolina-beaufort-sioux-city-99f44dfae658574d88b5cd88bda6f60c,2021-10-02,regular,
1006911688,20210930,GBR,,1821,18,-9.0,-8.59375,https://windsorstar.com/news/world/ex-london-cop-who-falsely-arrested-raped-and-murdered-sarah-everard-is-handed-life-sentence,2021-09-30,regular,
1006820936,20210930,USA,,173,17,-5.0,-8.84041331802522,https://www.wvnews.com/statejournal/theet/news/marion-county-west-virginia-man-gets-prison-term-for-6-harrison-county-felonies/article_5b46ce8a-2123-11ec-a29d-db166b1b96e0.html,2021-09-30,regular,
1007273807,20211002,USA,AUS,182,18,-9.5,-3.7109375,https://www.news.com.au/travel/travel-updates/incidents/gabby-petito-police-receive-tips-that-brian-laundrie-may-be-hiding-on-appalachian-trail/news-story/967554d7c5beb97dd1f862ebf43f7a84,2021-10-02,regular,
1006305614,20210927,USA,USA,164,16,-7.0,2.94117647058824,https://www.mirror.co.uk/news/us-news/prince-harrys-laptop-case-accidentally-25082388,2021-09-27,regular,
1006517428,20210928,USA,,171,17,-9.2,-6.04838709677419,https://thesource.com/2021/09/28/fbi-launches-investigation-on-police-who-allowed-dog-to-attack-detained-black-man/,2021-09-28,regular,
1007006109,20210930,GBR,USA,186,18,-10.0,-8.91938250428817,http://www.chicagotribune.com/news/criminal-justice/ct-northwestern-professor-sex-murder-trial-testimony-20210930-zgecnpr4eveylerovsm7uxm7au-story.html,2021-09-30,regular,
1006633214,20210929,USA,,173,17,-5.0,-5.51839464882943,https://www.pineandlakes.com/the-vault/7123013-Sex-trafficking-victims-helped-US-attorney-for-Minnesota-convict-hundreds-of-predators-in-the-50s1,2021-09-29,regular,
1007206571,20211002,,USA,141,14,-6.5,-3.34613274821723,https://www.msn.com/en-us/news/us/us-coronavirus-the-country-just-surpassed-700000-covid-19-deaths/ar-AAP1OWp,2021-10-02,regular,
1006582768,20210928,USA,,173,17,-5.0,-7.30478589420655,https://www.breitbart.com/border/2021/09/28/migrant-intentionally-started-california-wildfire-near-border-say-feds/,2021-09-28,regular,
1007034617,20211001,,USA,173,17,-5.0,-2.14592274678111,https://www.mass.gov/info-details/overview-of-the-massachusetts-gaming-commission,2021-10-01,regular,
1006503608,20210928,FRA,DEU,1712,17,-9.2,-3.0658838878017,https://nationalinterest.org/blog/reboot/deal-between-devils-how-hitler-and-stalin-brokered-poland%E2%80%99s-tragic-fate-194446,2021-09-28,regular,
1007106627,20211001,GBR,,172,17,-5.0,-3.51648351648352,https://www.thisiswiltshire.co.uk/news/19618268.man-fined-boarding-scrapped-boeing-747-kemble/,2021-10-01,regular,
1006836318,20210930,,USA,173,17,-5.0,-7.31707317073171,https://www.boston.com/news/crime/2021/09/29/new-hampshire-man-arrested-assault-pitbull-concert/,2021-09-30,regular,
1007005616,20210930,USA,,173,17,-5.0,-3.75838926174496,https://www.prensa-latina.cu/index.php?o=rn&id=479098&SEO=oculta-empresario-boricua-ingresos-por-siete-millones-de-dolares,2021-09-30,regular,
1006400113,20210928,USA,USA,173,17,-5.0,-11.3895216400911,https://www.telemundo47.com/noticias/local/acusan-a-ex-oficial-del-alguacil-del-condado-de-middlesex-de-grabar-ataques-sexuales-a-mujeres-inconscientes/2221143/,2021-09-28,regular,
1007272478,20211002,USA,USA,130,13,-4.4,-2.85714285714286,https://www.cbsnews.com/news/democratic-in-fighting-puts-bidens-domestic-agenda-at-risk/,2021-10-02,regular,
1007314361,20211002,GBR,,160,16,-4.0,-4.56824512534819,https://villagemagazine.ie/the-boot-is-on-the-other-foot-colin-wallace-sues-the-mod/,2021-10-02,regular,
1006907130,20210930,FRA,,173,17,-5.0,-6.96629213483146,https://www.24heures.ch/nicolas-sarkozy-declare-coupable-de-financement-illegal-717910099728,2021-09-30,regular,
1006945417,20210930,DEU,,130,13,-4.4,-3.92749244712991,https://www.ksta.de/politik/schulen-in-nrw-aerzte-warnen-eindringlich-vor-ende-der-maskenpflicht-39053476,2021-09-30,regular,
1007389421,20211003,,FRA,172,17,-5.0,-3.73692077727952,http://pressorg24.com/news?id=588484,2021-10-03,regular,
1007120292,20211001,GBR,,181,18,-9.0,-7.7972709551657,https://www.northwaleschronicle.co.uk/news/19618366.kidnap-gang-members-jailed-abduction-child-knifepoint-foster-mum-anglesey-jailed/,2021-10-01,regular,
1006874875,20210930,FRA,,100,10,-5.0,3.79310344827586,https://www.militarynews.com/news/unitas-lxii-kicks-off-in-lima/article_c0788bec-1fb4-11ec-9209-df2b61ddc360.html,2021-09-30,regular,
1006584214,20210928,USA,,130,13,-4.4,-14.8997134670487,https://www.kokomotribune.com/news/police-reports-sept-29-2021/article_d462648e-2063-11ec-81f0-6700e18dea07.html,2021-09-28,regular,
1007406617,20211003,,GBR,1823,18,-10.0,-4.85564304461942,https://www.dailymail.co.uk/news/article-10054551/Florist-stabbed-death-girlfriend-left-note-blaming-suicide-inquest-hears.html,2021-10-03,regular,
1006474245,20210928,GRC,FRA,180,18,-9.0,-1.86046511627907,https://www.tribune.gr/politics/news/article/774170/makron-gia-toyrkia-na-deixoyme-oti-kai-emeis-echoyme-ischy-den-einai-klimakosi-tis-vias-alla-einai-amyna.html,2021-09-28,regular,
1006850306,20210930,USA,,1821,18,-9.0,-9.89387196165696,https://schema-root.org/people/societies/control/law/crimes/rape/,2021-09-30,regular,
1007157309,20211001,USA,USA,139,13,-7.0,-2.61832829808661,https://www.bizpacreview.com/2021/10/01/red-flags-when-las-largest-healthcare-system-announces-employees-must-pay-up-for-unvaxxed-spouses-1142833/,2021-10-01,regular,
1006532781,20210928,RUS,,172,17,-5.0,-4.25049966688874,https://www.sova-center.ru/misuse/news/persecution/2019/04/d40942/,2021-09-28,regular,
1006777386,20210929,USA,,173,17,-5.0,-11.8694362017805,http://libcom.org/library/dixie-be-damned-300-years-insurrection-american-south-neal-shirley-saralee-stafford,2021-09-29,regular,
1007422324,20211003,,FRA,172,17,-5.0,-2.03045685279188,https://tvn24.pl/swiat/algieria-zakaz-lotow-dla-francuskich-samolotow-wojskowych-kryzys-dyplomatyczny-5438031,2021-10-03,regular,
1006707132,20210929,,USA,173,17,-5.0,-7.73480662983428,https://www.kosu.org/podcast/the-kosu-daily/2021-09-29/headlines-cherokee-opioid-settlement-jones-commutation-delayed-oklahoma-city-festivals,2021-09-29,regular,
1006336055,20210927,USA,USA,173,17,-5.0,-6.44067796610169,https://www.military.com/daily-news/2021/09/03/former-army-major-gets-life-sentence-killing-court-martial-witness-2-others.html,2021-09-27,regular,
1006523713,20210928,USA,,1712,17,-9.2,-1.58730158730159,https://www.centralmaine.com/2021/09/28/canadian-dam-owner-sues-maine-over-alleged-effort-to-remove-4-kennebec-dams/,2021-09-28,regular,
1006379378,20210927,,USA,100,10,-5.0,-3.42771982116245,https://www.yucatan.com.mx/internacional/brian-laundrie-en-merida-yucatan-lo-que-se-sabe-del-caso-gaby-petito,2021-09-27,regular,
1006789169,20210929,USA,USA,100,10,-5.0,-5.81081081081081,https://knox.villagesoup.com/2021/09/29/rockland-man-sentenced-to-time-already-served-for-making-false-distress-call-to-coast-guard/,2021-09-29,regular,
1007090192,20211001,USA,,172,17,-5.0,-5.79896907216495,https://www.thetimesherald.com/story/news/politics/2021/09/29/whitmer-veto-budget-reproductive-rights-abortion/5914151001/,2021-10-01,regular,
1007314611,20211002,USA,ARE,100,10,-5.0,-4.32766615146832,https://www.arabnews.com/node/1940446/middle-east,2021-10-02,regular,
1006625368,20210929,USA,,100,10,-5.0,-2.88461538461538,https://www.braunschweiger-zeitung.de/politik/ausland/article233456601/Schwierige-Verhandlungen-im-US-Kongress-Biden-sagt-Trip-ab.html,2021-09-29,regular,
1006743864,20210929,LKA,CHN,166,16,-7.0,-4.10958904109589,https://www.prokerala.com/news/articles/a1202305.html,2021-09-29,regular,
1006980765,20210930,CHE,RUS,173,17,-5.0,4.13223140495868,https://tass.com/politics/1344519,2021-09-30,regular,
1007079744,20211001,DEU,TUR,173,17,-5.0,-6.0,https://www.sfgate.com/news/article/Germany-probes-Turk-over-alleged-spying-on-Gulen-16501367.php,2021-10-01,regular,
1006561286,20210928,USA,,173,17,-5.0,-10.3448275862069,https://www.newscentermaine.com/article/news/crime/maine-supreme-court-upholds-murder-conviction-of-nc-man-north-carolina-christopher-murray-millinocket/97-cc41040e-0e26-49c7-8720-529d453bb85f,2021-09-28,regular,
1006685493,20210929,,EUR,161,16,-4.0,2.22602739726028,https://www.elmundo.es/internacional/2021/09/29/6154315721efa0800a8b45f5.html,2021-09-29,regular,
1006250549,20210927,CHN,RUS,163,16,-8.0,-4.34782608695652,https://tass.com/world/1342765,2021-09-27,regular,
1006860164,20210930,USA,MEX,173,17,-5.0,-7.25995316159251,https://www.delawareonline.com/story/news/crime/2021/09/29/cocaine-smuggler-who-built-drug-bunker-under-bear-home-convicted-federal-jury/5920566001/,2021-09-30,regular,
1006752527,20210929,USA,,100,10,-5.0,-3.8961038961039,https://www.breitbart.com/entertainment/2021/09/29/real-housewives-star-bethenny-frankel-rips-woke-mob-over-transphobia-accusations-im-not-afraid-of-cancellation/,2021-09-29,regular,
1007225630,20211002,,CHN,100,10,-5.0,2.93255131964809,https://www.entrepreneur.com/article/388968,2021-10-02,regular,
1007328815,20211003,FRA,,173,17,-5.0,1.35396518375242,https://www.lemonde.fr/cinema/article/2021/10/03/fabrice-luchini-je-ne-suis-pas-doue-pour-le-bonheur-je-suis-doue-pour-le-travail_6096900_3476.html,2021-10-03,regular,
1006964765,20210930,USA,,181,18,-9.0,-7.13536201469045,https://nationalpost.com/news/world/death-toll-in-ecuador-prison-riot-rises-to-116-six-decapitated,2021-09-30,regular,
1006522933,20210928,,USA,100,10,-5.0,-2.76732300155448,https://lobotero.com/2021/09/28/,2021-09-28,regular,
1006470502,20210928,,CHN,1721,17,-5.0,-3.3596837944664,https://www.euronews.com/next/2021/09/28/lithuania-could-ban-chinese-smartphones-from-state-institutions-as-xiaomi-censorship-row,2021-09-28,regular,
1007311311,20211002,USA,,160,16,-4.0,-3.05676855895196,https://www.breitbart.com/politics/2021/10/02/desantis-win-gainesville-rescinds-city-vaccine-mandate/,2021-10-02,regular,
1007330962,20211003,,USA,173,17,-5.0,-6.18556701030928,https://hudsoncountyview.com/police-pennsylvania-man-busted-with-illegal-handgun-ammo-during-bayonne-traffic-stop/,2021-10-03,regular,
1007131774,20211001,RUS,,100,10,-5.0,-6.92307692307693,https://www.ttela.se/nyheter/v%C3%A4rlden/hundratal-gripna-efter-skott-i-minsk-1.56182335,2021-10-01,regular,
1007383282,20211003,USA,,100,10,-5.0,-2.20264317180617,https://www.forbes.com/sites/suzannerowankelleher/2021/10/03/major-us-airlines-vaccine-mandates/,2021-10-03,regular,
1012970074,20211106,USA,,172,17,-5.0,-3.40909090909091,https://bb.lv/statja/v-mire/2021/11/06/nazvana-celj-vizita-glavy-cru-v-moskvu_2,2021-11-06,regular,
1012178814,20211101,USA,,1821,18,-9.0,-6.10211706102117,https://www.dailymail.co.uk/news/article-10152655/Ghislaine-Maxwell-pretrial-hearing.html,2021-11-01,regular,
1012190461,20211101,USA,SLV,173,17,-5.0,-7.83410138248848,https://www.theepochtimes.com/irvine-man-charged-with-attacking-flight-attendant-during-flight-to-santa-ana_4080300.html,2021-11-01,regular,
1012162039,20211101,USA,,172,17,-5.0,-4.88431876606684,https://hallelujah955.iheart.com/content/2021-11-01-philadelphia-bans-low-level-traffic-stops-with-historic-legislation/,2021-11-01,regular,
1012757593,20211104,RUS,,181,18,-9.0,-3.53728489483748,https://www.pagina12.com.ar/379786-daniel-ortega-de-la-revolucion-al-continuismo-una-vida-en-lu,2021-11-04,regular,
1012222800,20211102,,USA,182,18,-9.5,-2.49266862170088,https://www.the-sun.com/news/3978399/gabby-petito-sold-fake-gucci-ghost-rings/,2021-11-02,regular,
1012161923,20211101,USA,,180,18,-9.0,-6.62251655629139,https://www.msn.com/en-us/news/us/westport-shooting-overnight-leaves-1-person-critically-injured-kansas-city-police-say/ar-AAQbZJM,2021-11-01,regular,
1012938906,20211106,CHN,USA,172,17,-5.0,-0.95238095238095,https://finance.yahoo.com/news/chinas-internet-giants-turn-chips-114324256.html,2021-11-06,regular,
1012918444,20211105,,RUS,174,17,-5.0,-2.05580029368576,https://www.lragir.am/2021/11/05/679550/,2021-11-05,regular,
1012142043,20211101,,USA,100,10,-5.0,4.92610837438423,https://www.wypr.org/wypr-news/2021-11-01/its-open-enrollment-time-for-health-insurance-plans,2021-11-01,regular,
1012845392,20211105,RUS,,161,16,-4.0,-0.66225165562914,http://www.focus-news.net/news/2021/11/05/2913834/der-spiegel-ruski-diplomat-e-bil-otkrit-martav-kray-posolstvoto-na-stranata-v-berlin.html,2021-11-05,regular,
1013042003,20211107,FRA,,133,13,-5.8,-1.78799489144316,https://www.eltemps.cat/article/15391/unes-2.000-persones-es-manifesten-a-perpinya-en-la-diada-de-la-catalunya-del-nord,2021-11-07,regular,
1012677530,20211104,USA,USA,186,18,-10.0,-2.94943820224719,https://www.prnewswire.com/news-releases/new-book-from-ed-norwood-remembers-the-43rd-anniversary-of-the-jonestown-tragedy-how-the-term-dont-drink-the-kool-aid-still-haunts-us-today-301416514.html,2021-11-04,regular,
1012209163,20211101,USA,,173,17,-5.0,-11.1688311688311,https://www.forbes.com/sites/marisadellatto/2021/11/01/ghislaine-maxwell-loses-several-key-rulings-before-sex-trafficking-trial/,2021-11-01,regular,
1013037567,20211106,DEU,,173,17,-5.0,-6.66666666666667,https://www.zocalo.com.mx/mujer-asesina-a-5-de-sus-hijos-en-venganza-luego-de-que-su-esposo-la-dejo-por-la-vecina-en-alemania/,2021-11-06,regular,
1012133795,20211101,,USA,172,17,-5.0,-5.00715307582261,https://www.usatoday.com/story/news/nation/2021/11/01/kyle-rittenhouse-trial-begins-mcrib-back-5-things-podcast/6230747001/,2021-11-01,regular,
1012257937,20211102,EUR,IDN,172,17,-5.0,-3.37995337995338,https://simpleflying.com/garuda-indonesia/,2021-11-02,regular,
1012838324,20211105,USA,,180,18,-9.0,-8.48623853211009,https://www.thedenverchannel.com/news/local-news/woman-found-guilty-of-beating-elderly-man-to-death-on-grounds-of-colorado-state-capitol,2021-11-05,regular,
1012378854,20211102,USA,,1712,17,-9.2,-5.720823798627,https://www.npr.org/2021/11/02/1051534447/torah-george-washington-university-fraternity-vandalized,2021-11-02,regular,
1012797923,20211105,EUR,FRA,130,13,-4.4,-2.77008310249308,https://www.rador.ro/2021/11/05/revista-presei-internationale-5-noiembrie-2021/,2021-11-05,regular,
1012490678,20211103,,CHN,170,17,-7.0,-3.7037037037037,https://www.globaltimes.cn/page/202111/1238056.shtml,2021-11-03,regular,
1013030456,20211106,IRQ,GBR,173,17,-5.0,-6.91712707182321,https://washingtonsblog.com/governments-admit-that-much-of-modern-history-has-been-manipulated-by-false-flag-attacks-washingtons-blog/,2021-11-06,regular,
1012801729,20211105,USA,DEU,173,17,-5.0,-6.47230320699708,https://thebrunswicknews.com/news/local_news/opening-statements-begin-friday-in-murder-trial/article_98771a39-b3ff-5ef5-808f-56b7a3430516.html,2021-11-05,regular,
1012958085,20211106,,GBR,100,10,-5.0,-7.36342042755348,https://www.irishamerica.com/2021/11/life-sentence-for-man-who-murdered-love-rival-in-horrific-attack-while-girlfriend-watched/,2021-11-06,regular,
1012486328,20211103,FRA,,142,14,-6.5,-6.2753036437247,https://www.socialistparty.org.uk/articles/33277/03-11-2021/hunger-strike-in-calais-for-refugee-rights,2021-11-03,regular,
1012364027,20211102,USA,,130,13,-4.4,-1.20967741935484,https://wallstreetrebel.com/wsr/health/breakthrough_blood_test_can_detect_over_50_types_of_cancer/2021-11-02-15-09-52.html,2021-11-02,regular,
1012829327,20211105,RUS,UKR,100,10,-5.0,-6.9620253164557,https://izvestia.kiev.ua/item/show/139415,2021-11-05,regular,
1012380590,20211102,USA,,160,16,-4.0,-4.55696202531646,https://www.fox4now.com/rebound/state-of-education/lee-county-schools-working-to-stop-school-threats-with-online-violence-prevention-programs-for-families,2021-11-02,regular,
1012360465,20211102,USA,,160,16,-4.0,-3.78096479791395,https://www.wjcl.com/article/alex-murdaugh-assets-frozen/38135609,2021-11-02,regular,
1013097076,20211107,USA,,173,17,-5.0,-4.65116279069768,https://www.amren.com/news/2021/11/an-encounter-with-an-anti-racist-lesbian/,2021-11-07,regular,
1012583679,20211104,USA,USA,173,17,-5.0,-3.09810671256454,https://www.ebar.com/news/latest_news/310260,2021-11-04,regular,
1012974230,20211106,,RUS,130,13,-4.4,-5.37974683544304,"https://wydarzenia.interia.pl/zagranica/news-usa-administracja-joe-bidena-bardzo-bardzo-zaniepokojona-dzi,nId,5628870",2021-11-06,regular,
1012313942,20211102,,USA,160,16,-4.0,-2.72887323943662,https://dissidentvoice.org/2021/11/the-rise-of-iran-poses-both-opportunities-and-dangers/,2021-11-02,regular,
1012599085,20211104,RUS,USA,174,17,-5.0,-1.28893662728249,https://watchingamerica.com/WA/2021/11/03/americas-soft-power-has-weakened-in-russia/,2021-11-04,regular,
1012350115,20211102,,GBR,130,13,-4.4,-7.11297071129707,https://www.okaz.com.sa/news/politics/2086971,2021-11-02,regular,
1013022073,20211106,GBR,KOR,141,14,-6.5,-2.61707988980716,https://www.swissinfo.ch/eng/reuters/big-crowds-rally-in-rainy-glasgow-for-cop26-climate-action/47089514,2021-11-06,regular,
1012905004,20211105,,USA,141,14,-6.5,-7.72626931567329,https://www.cubanet.org/noticias/regimen-amenaza-con-prision-a-activistas-de-unpacu-si-salen-a-la-calle-el-15n/,2021-11-05,regular,
1012883657,20211105,,USA,173,17,-5.0,-9.17159763313606,https://www.southernminn.com/owatonna_peoples_press/news/article_ff15485a-685e-579c-970f-f10f92da15d3.html,2021-11-05,regular,
1012442521,20211103,USA,ETH,130,13,-4.4,-6.86274509803922,https://www.africaleader.com/news/271641033/us-raises-travel-advisory-for-ethiopia-to-level-4,2021-11-03,regular,
1012928359,20211105,USA,,173,17,-5.0,-10.0869565217391,https://auburnpub.com/news/local/cayuga-county-drug-dealer-faces-10-years-in-prison-for-causing-overdose-death/article_e27e6ddd-1103-5f0f-806e-5e1aab40c614.html,2021-11-05,regular,
1012495095,20211103,USA,,100,10,-5.0,-4.7713717693837,https://www.reformer.com/community-news/police-log/article_22016ac4-3b57-11ec-b996-5f71095a357b.html,2021-11-03,regular,
1013024257,20211106,GBR,,1821,18,-9.0,-5.96436870642913,https://www.bd-pratidin.com/first-page/2021/11/07/709124,2021-11-06,regular,
1012904551,20211105,RUS,,182,18,-9.5,-3.38983050847458,https://www.theusnews.com/news/271661045/suspected-russian-fsb-agent-found-dead-in-front-of-berlin-embassy,2021-11-05,regular,
1012660203,20211104,,DEU,100,10,-5.0,-5.7542768273717,https://www.index.hr/vijesti/clanak/who-europa-je-opet-epicentar-pandemije-prijeti-joj-pola-milijuna-mrtvih-do-veljace/2315747.aspx,2021-11-04,regular,
1012535739,20211103,USA,,173,17,-5.0,-5.41772151898734,https://www.dailymail.co.uk/femail/article-10158127/Mother-gets-kidnapped-abusive-ex-boyfriend-SECOND-time-months-freed-jail.html,2021-11-03,regular,
1012715144,20211104,,USA,141,14,-6.5,-4.2847725774555,https://www.dailymail.co.uk/news/article-10165457/NYC-firefighter-stepped-dead-bodies-9-11-forced-retire-vaccine-mandate.html,2021-11-04,regular,
1012165388,20211101,,USA,172,17,-5.0,-8.40840840840841,https://www.cbsnews.com/news/ryan-cajimat-hawaii-delta-air-lines-flight-charged-assaulting-attendant/,2021-11-01,regular,
1012083576,20211101,USA,,173,17,-5.0,-6.53669724770642,https://www.msn.com/en-us/news/us/biden-at-cop26-kyle-rittenhouse-trial-texas-abortion-ban-challenges-5-things-to-know-monday/ar-AAQaT0S,2021-11-01,regular,
1012569831,20211103,USA,,173,17,-5.0,-6.93374422187982,https://www.newsweek.com/ahmaud-arbery-jury-selection-questioned-prosecutors-argue-8-black-jurors-cut-due-race-1645689,2021-11-03,regular,
1013152413,20211101,,GBR,1712,17,-9.2,-2.58175559380379,https://www.msn.com/en-gb/news/uknews/fears-of-sectarian-brexit-linked-riots-as-second-bus-is-hijacked-and-burned-near-belfast/ar-AAQqHOS,2021-11-01,regular,
1012282966,20211102,GBR,AUS,164,16,-7.0,0.44150110375276,https://www.indiatvnews.com/news/india/pm-modi-at-cop26-summit-climate-change-glasgow-scotland-743371,2021-11-02,regular,
1012258335,20211102,USA,,100,10,-5.0,-4.22794117647059,https://www.foxnews.com/politics/alabama-da-files-suit-to-block-federal-contractor-vaccine-mandate,2021-11-02,regular,
1012975717,20211106,USA,CMR,186,18,-10.0,-2.0842777274101,http://www.camerounlink.com/newsforum/nid-132900--,2021-11-06,regular,
1012587071,20211104,,CHN,100,10,-5.0,1.84782608695652,https://www.castanet.net/edition/news-story-350613-4-.htm,2021-11-04,regular,
1012747420,20211104,,CHN,130,13,-4.4,-1.85873605947956,https://www.periodistadigital.com/mundo/eeuu/20211104/eeuu-advierte-china-capacidad-defender-taiwan-noticia-689404525152/,2021-11-04,regular,
1012513208,20211103,USA,USA,130,13,-4.4,-1.68067226890756,https://twitchy.com/gregp-3534/2021/11/03/flashback-it-turns-out-that-kamala-harris-was-100-correct-about-the-mcauliffe-youngkin-race-after-all/,2021-11-03,regular,
1012759774,20211105,USA,AUS,141,14,-6.5,-0.77942322681216,https://ktvz.com/money/cnn-business-consumer/2021/11/04/if-the-labor-shortage-continues-the-us-economy-wont-be-able-to-recover-2/,2021-11-05,regular,
1012978513,20211106,JPN,,160,16,-4.0,-2.843083652269,https://www.walesonline.co.uk/news/wales-news/seven-things-you-need-know-22087412,2021-11-06,regular,
1012919123,20211105,,USA,173,17,-5.0,-8.46153846153844,https://therockofrochester.com/owatonna-man-headed-to-prison-for-lethal-argument/,2021-11-05,regular,
1012131689,20211101,USA,SDN,162,16,-5.6,-7.6271186440678,https://www.middleeasteye.net/news/sudan-coup-protesters-killed-sudanese-march-military,2021-11-01,regular,
1013039970,20211106,USA,,160,16,-4.0,-6.89655172413793,https://www.lesoir.be/404967/article/2021-11-06/coronavirus-la-justice-americaine-suspend-lobligation-vaccinale-dans-les,2021-11-06,regular,
1012540859,20211103,USA,IRN,163,16,-8.0,-2.7027027027027,https://www.al-monitor.com/originals/2021/11/iran-claims-it-stopped-us-seizing-oil-tanker,2021-11-03,regular,
1013494753,20211102,USA,,130,13,-4.4,-2.33100233100233,https://triblive.com/tribextra/john-micek-pa-s-fitzpatricks-yes-on-infrastructure-is-least-of-gops-problems/,2021-11-02,regular,
1013012602,20211106,IRN,GBR,163,16,-8.0,-0.70838252656435,https://www.timesofisrael.com/iran-tells-russia-west-must-be-realistic-in-nuclear-talks/,2021-11-06,regular,
1012453891,20211103,PSE,GBR,141,14,-6.5,-2.15208034433286,https://www.middleeastmonitor.com/20211103-palestine-is-an-occupied-land-a-fact-recognised-by-international-law/,2021-11-03,regular,
1012120271,20211101,ISR,GBR,173,17,-5.0,-9.72549019607841,https://www.middleeasteye.net/opinion/britain-palestine-balfour-colonial-crimes-reparations,2021-11-01,regular,
1012551541,20211103,,USA,100,10,-5.0,-3.00632911392406,https://www.sfgate.com/news/article/In-New-Mexico-progressive-mayors-prevail-amid-16589388.php,2021-11-03,regular,
1012515223,20211103,USA,DEU,173,17,-5.0,-0.66603235014273,https://www.theepochtimes.com/new-jersey-governors-race-too-close-to-call-votes-being-tallied_4083849.html,2021-11-03,regular,
1012782642,20211105,USA,,173,17,-5.0,-3.66666666666666,http://www.msn.com/en-us/news/us/an-act-like-this-is-unspeakable-2-iowa-teens-charged-with-killing-high-school-spanish-teacher/ar-AAQkV4s,2021-11-05,regular,
1012178945,20211101,USA,RUS,173,17,-5.0,-6.45161290322581,https://www.irs.gov/compliance/criminal-investigation/russian-bank-founder-sentenced-for-evading-exit-tax-upon-renouncing-us-citizenship,2021-11-01,regular,
1012072006,20211101,CHE,RUS,172,17,-5.0,-2.51878038002652,https://www.rts.rs/page/oko/ci/story/3208/drustvo/4570086/-zakon-o-aktivnoj-eutanaziji.html,2021-11-01,regular,
1012127168,20211101,,USA,100,10,-5.0,-0.43763676148796,https://www.konhaber.com/haber-icisleri_bakani_soylu_2021_acik_kapi_egitim_toplantisi_nda_konustu-1641893.html,2021-11-01,regular,
1012990357,20211106,USA,USA,180,18,-9.0,-8.24742268041241,https://www.wyomingnews.com/news/local_news/man-convicted-in-laramie-county-dies-in-wyoming-prison/article_fcf50e71-563d-5ae5-b41b-8afc3721c1e6.html,2021-11-06,regular,
1012250794,20211102,DEU,BEL,138,13,-7.0,-2.71186440677966,https://history.howstuffworks.com/world-war-ii/maginot-line.htm,2021-11-02,regular,
1012153439,20211101,USA,,172,17,-5.0,-4.36241610738255,https://www.tmcnet.com/usubmit/2021/11/01/9481690.htm,2021-11-01,regular,
1013078412,20211107,GBR,USA,100,10,-5.0,-0.15267175572519,https://www.americanthinker.com/blog/2021/11/californias_invisible_governor.html,2021-11-07,regular,
1012380508,20211102,USA,,143,14,-6.5,-7.10526315789473,https://www.metrotimes.com/news-hits/archives/2021/11/02/detroit-mcdonalds-workers-strike-over-sexual-harassment-and-violence,2021-11-02,regular,
1012932768,20211106,CHN,,173,17,-5.0,-2.88958224565404,https://www.popmech.ru/technologies/770623-opredeleno-mesto-na-yuzhnom-polyuse-luny-gde-v-2022-godu-nachnetsya-poisk-vody-glavnye-nauchnye-novosti-segodnyashnego-dnya/,2021-11-06,regular,
1012109059,20211101,GBR,,173,17,-5.0,-8.75179340028699,https://www.doncasterfreepress.co.uk/news/crime/mexborough-murder-drive-by-shooting-highlights-how-community-is-being-terrorised-by-gangs-3440014,2021-11-01,regular,
1012913069,20211104,CAN,USA,173,17,-5.0,-5.66801619433199,https://www.thedailystar.com/community/step_back_in_time/step-back-in-time-nov-6-2021/article_93bb8983-410c-52c1-aa04-6ea8e850a883.html,2021-11-04,regular,
1012899497,20211105,,USA,173,17,-5.0,3.67170626349892,https://www.dewittmedia.com/2021/11/05/charlotte-e-tellijohn/,2021-11-05,regular,
1012436382,20211103,RUS,RUS,173,17,-5.0,-2.48138957816377,http://special.tass.ru/proisshestviya/12832411,2021-11-03,regular,
1012973034,20211106,USA,,160,16,-4.0,-1.81983621474067,https://dailygazette.com/2021/11/06/blaze-devastates-beloved-bar-second-fulton-county-business-rocked-by-fire-this-week/,2021-11-06,regular,
1012946089,20211106,RUS,,138,13,-7.0,-2.00945626477542,https://aawsat.com/home/article/3287701/%D8%A5%D9%85%D9%8A%D9%84-%D8%A3%D9%85%D9%8A%D9%86/%D8%AD%D8%B4%D9%88%D8%AF-%D8%A8%D9%88%D8%AA%D9%8A%D9%86-%D9%88%D8%A8%D9%86%D8%AF%D9%82%D9%8A%D8%A9-%D8%AA%D8%B4%D9%8A%D8%AE%D9%88%D9%81,2021-11-06,regular,
1012405143,20211103,EUR,RUS,163,16,-8.0,-3.64464692482916,https://www.politico.com/news/2021/11/02/josh-hawley-state-department-nominees-confirmation-518642,2021-11-03,regular,
1012317606,20211102,JPN,,173,17,-5.0,-6.30372492836677,https://hoy.com.do/el-vecino-violador-el-crimen-de-un-nino-que-sacudio-a-espana/,2021-11-02,regular,
1012653655,20211104,RUS,,172,17,-5.0,-3.76712328767123,https://www.politico.eu/article/russia-boots-out-dutch-journalist-tom-vennink/,2021-11-04,regular,
1012752675,20211104,,USA,140,14,-6.5,-6.55737704918033,http://www.nydailynews.com/new-york/nyc-crime/ny-firefighters-still-lagging-in-getting-vaccinated-20211104-kumkc45b7vcydgg3hzirpfpvu4-story.html,2021-11-04,regular,
1012274797,20211102,GBR,PSE,173,17,-5.0,-2.29533282325937,https://www.sarayanews.com/article/725900/104-%D8%A3%D8%B9%D9%88%D8%A7%D9%85-%D8%B9%D9%84%D9%89-%D9%88%D8%B9%D8%AF-%D8%A8%D9%84%D9%81%D9%88%D8%B1-%D8%A7%D9%84%D9%85%D8%B4%D8%A4%D9%88%D9%85,2021-11-02,regular,
1012377933,20211102,,USA,100,10,-5.0,-2.01643017176998,https://www.wlrn.org/news/2021-11-02/university-of-florida-in-political-firestorm-over-decision-to-block-professors-testimony,2021-11-02,regular,
1013002137,20211106,,GBR,173,17,-5.0,-6.57142857142857,https://www.mirror.co.uk/news/british-carer-defrauded-expat-mate-25394323,2021-11-06,regular,
1012842791,20211105,GBR,,143,14,-6.5,-1.08695652173913,https://sputniknews.com/20211105/greta-thunberg-leads-protest-in-glasgow-amid-cop26-summit-1090494049.html,2021-11-05,regular,
1012506958,20211103,RUS,,172,17,-5.0,-1.98019801980199,https://iz.ru/1245046/2021-11-03/vilfand-dal-prognoz-pogody-na-zimu-v-rossii,2021-11-03,regular,
1012770099,20211105,USA,,173,17,-5.0,-3.43190945600584,https://www.wfaa.com/article/news/local/investigates/wfaa-investigates-failures-texas-system-protect-disabled/287-67417846-417b-4168-919a-96ba55ac8a7c,2021-11-05,regular,
1012560512,20211103,USA,,173,17,-5.0,-5.15063168124393,https://www.seacoastonline.com/story/news/crime/2021/11/03/robert-pavao-sentence-timberland-headquarter-murder-victims-famliy-cassie-heppners-speaks/6249028001/,2021-11-03,regular,
1012481541,20211103,EUR,BLR,172,17,-5.0,-6.97674418604652,https://eng.belta.by/society/view/belarus-to-file-lawsuits-in-international-courts-over-losses-caused-by-sanctions-144674-2021/,2021-11-03,regular,
1012904094,20211105,GBR,,180,18,-9.0,-7.91738382099828,https://www.dailymail.co.uk/news/article-10170533/Anarchists-clash-riot-police-set-flares-fireworks-Million-Mask-March.html,2021-11-05,regular,
1012724860,20211104,DEU,EUR,153,15,-7.2,2.22007722007722,https://www.euronews.com/green/2021/11/04/we-need-to-ditch-fossil-fuels-but-what-happens-to-the-communities-relying-on-them-for-inco,2021-11-04,regular,
1012330781,20211102,USA,,172,17,-5.0,-2.36794171220401,https://arktimes.com/arkansas-blog/2021/11/02/double-the-impact-support-the-arkansas-nonprofit-news-network,2021-11-02,regular,
1012117613,20211101,,GBR,1044,10,-5.0,-3.36633663366337,https://www.israelnationalnews.com/tags/Scotland,2021-11-01,regular,
1017499944,20211204,IND,RUS,180,18,-9.0,1.54440154440154,https://menafn.com/1103302311/Govt-clears-production-of-5L-AK-203-rifles-ahead-of-Putins-visit&source=28,2021-12-04,regular,
1016599572,20211129,JPN,,172,17,-5.0,-3.64238410596026,http://news.kmib.co.kr/article/view.asp?arcid=0016517517&code=61131211&sid1=int,2021-11-29,regular,
1017652999,20211205,MAR,GBR,172,17,-5.0,-4.58452722063037,https://www.edinburghlive.co.uk/news/uk-world-news/ryanair-cancel-flights-popular-winter-22371025,2021-12-05,regular,
1017441075,20211203,GBR,,1822,18,-9.0,-6.16412922391385,http://www.ugandandiasporanews.com/2019/09/14/travel-ban-us-treasury-department-global-magnitsky-designation-and-state-visa-ban-for-former-igp-kale-kaihura-uganda/,2021-12-03,regular,
1017202023,20211202,GBR,,173,17,-5.0,-1.16387337057729,https://www.msn.com/en-gb/news/uknews/uk-covid-live-no-10-refuses-to-back-minister-e2-80-99s-suggestion-that-big-christmas-parties-might-be-unwise/ar-AARnvkA,2021-12-02,regular,
1016875361,20211130,GBR,,180,18,-9.0,-4.57142857142858,https://www.southwalesargus.co.uk/news/19752442.teacher-slapped-woman-raping-pontypool-gym/,2021-11-30,regular,
1017343567,20211203,USA,USA,173,17,-5.0,-14.687216681777,https://www.themountainmail.com/news/crimes_courts/article_25b5033a-53f6-11ec-ba22-e3a30e336924.html,2021-12-03,regular,
1017181430,20211202,,GBR,173,17,-5.0,2.14646464646465,https://www.4ni.co.uk/northern-ireland-news/280799/array-collective-wins-2021-turner-prize,2021-12-02,regular,
1017146976,20211202,USA,USA,172,17,-5.0,-1.61290322580646,https://www.kxxv.com/hometown/mclennan-county/parties-react-to-calls-for-fourth-special-session-to-pass-covid-19-vaccine-mandate-ban,2021-12-02,regular,
1016707454,20211129,JPN,,172,17,-5.0,-2.94117647058824,https://www.politico.com/newsletters/playbook-pm/2021/11/29/dropping-like-flies-495245,2021-11-29,regular,
1017440834,20211203,,USA,173,17,-5.0,-6.34920634920635,https://www.deadlinedetroit.com/articles/29387/on_the_run_fugitive_squad_hunts_for_oxford_shooter_s_parents_after_charges,2021-12-03,regular,
1017372142,20211203,DEU,,172,17,-5.0,-1.6602809706258,https://telquel.ma/2021/12/02/covid-19-les-tours-de-vis-se-succedent-apres-la-mise-en-garde-de-loms_1745911,2021-12-03,regular,
1016560488,20211129,,RUS,130,13,-4.4,-2.82806610740565,https://gordonua.com/news/worldnews/es-i-nato-dolzhny-dat-rf-signal-chto-v-sluchae-eskalacii-na-granice-s-ukrainoy-budut-ochen-chetkie-posledstviya-premer-latvii-1583600.html,2021-11-29,regular,
1016880124,20211130,RUS,,161,16,-4.0,-4.34153400868307,https://www.msn.com/en-us/news/world/u-s-warns-renewed-russian-aggression-in-ukraine-will-have-consequences/ar-AARj6xx,2021-11-30,regular,
1017554627,20211204,FRA,SAU,1043,10,-5.0,-1.44508670520231,https://www.algemeiner.com/2021/12/04/macron-in-saudi-to-talk-regional-stability-with-crown-prince/,2021-12-04,regular,
1016750421,20211130,,RUS,180,18,-9.0,0.42826552462527,https://nationalinterest.org/blog/buzz/india-wants-russia%E2%80%99s-gun-show-197168,2021-11-30,regular,
1016792766,20211130,LVA,RUS,154,15,-7.2,-2.20820189274448,https://www.thestar.com.my/news/world/2021/11/30/with-us-intelligence-nato-to-discuss-russian-intent-near-ukraine,2021-11-30,regular,
1017276889,20211202,USA,,100,10,-5.0,-6.14334470989761,https://www.dps.texas.gov/news/tulia-fugitive-fort-worth-sex-offender-added-texas-most-wanted-lists,2021-12-02,regular,
1017607257,20211205,USA,,180,18,-9.0,-1.1889035667107,https://townhall.com/columnists/derekhunter/2021/12/05/worst-president-ever-n2600102,2021-12-05,regular,
1017286900,20211203,USA,,182,18,-9.5,-1.53846153846154,https://www.pdxmonthly.com/health-and-wellness/2021/12/oregon-digital-vaccine-card-plan,2021-12-03,regular,
1016971442,20211201,GBR,NLD,173,17,-5.0,-2.80172413793103,https://www.rogerebert.com/reviews/the-hitmans-bodyguard-2017,2021-12-01,regular,
1016617891,20211129,JPN,,172,17,-5.0,-3.0,https://www.irishtimes.com/news/world/asia-pacific/japan-to-bar-foreign-visitors-due-to-omicron-threat-1.4741632,2021-11-29,regular,
1017649417,20211205,USA,,173,17,-5.0,-6.07621009268795,http://libcom.org/history/1913-wheatland-hop-riot,2021-12-05,regular,
1016587669,20211129,USA,,172,17,-5.0,1.12676056338029,https://www.kuam.com/story/45318176/what-does-omicron-variant-mean-for-guam,2021-11-29,regular,
1016775684,20211130,GBR,,173,17,-5.0,-3.39805825242718,https://www.nottinghampost.com/news/local-news/case-against-teenagers-alleged-killer-6273611,2021-11-30,regular,
1017166383,20211202,GBR,,172,17,-5.0,-1.37434554973822,https://www.dailymail.co.uk/news/article-10266581/Boris-Johnson-speech-leaving-Cleo-Watson.html,2021-12-02,regular,
1017062046,20211201,USA,,180,18,-9.0,-9.99999999999999,https://www.democracynow.org/2021/12/1/headlines/phil_saviano_survivor_turned_whistlblower_of_catholic_church_child_sex_abuse_dies,2021-12-01,regular,
1017505765,20211204,,USA,173,17,-5.0,-13.2743362831858,https://www.reflector.com/duplin/news/local/duplin-man-who-escaped-jail-is-back-in-custody/article_4dcb0691-e420-51fa-9214-47b7dffa285e.html,2021-12-04,regular,
1017482181,20211204,FRA,AFG,160,16,-4.0,-4.18848167539267,https://www.aljazeera.com/news/2021/12/4/update-1-france-evacuates-more-than-300-people-from-afghanistan,2021-12-04,regular,
1017207446,20211202,,RUS,100,10,-5.0,-0.88888888888889,https://echo.msk.ru/news/2945348-echo.html,2021-12-02,regular,
1016881226,20211130,,FRA,130,13,-4.4,-3.23353293413174,https://timesofmalta.com/articles/view/french-far-right-pundit-eric-zemmour-to-run-for-presidency.918472,2021-11-30,regular,
1017101695,20211202,USA,,180,18,-9.0,-3.27272727272727,https://sputniknews.com/20211201/trump-may-reportedly-self-publish-memoir-over-fears-of-lowball-advance-by-top-publishing-firms-1091185307.html,2021-12-02,regular,
1017468930,20211204,RUS,WST,138,13,-7.0,-4.38799076212471,https://www.rockymounttelegram.com/news/world/kremlin-putin-to-seek-guarantees-over-ukraine-from-biden/article_5d59b34f-8a62-5807-993f-722b389c1252.html,2021-12-04,regular,
1016691672,20211129,CHN,,160,16,-4.0,3.1201248049922,https://www.dagospia.com/rubrica-29/cronache/bye-bye-elisabetta-principe-carlo-39-atterrato-sull-39-isola-291173.htm,2021-11-29,regular,
1016590347,20211129,RUS,,1014,10,-5.0,-7.64462809917356,https://thedailynewnation.com/news/306595/Russia-jails-5-people-over-coal-mine-disaster-that-killed-51,2021-11-29,regular,
1017498369,20211204,RUS,UKR,100,10,-5.0,-2.75590551181102,https://wiadomosci.wp.pl/biden-zapowiada-dluga-dyskusje-z-putinem-tematem-ukraina-6711692273937120a,2021-12-04,regular,
1016903193,20211130,USA,,130,13,-4.4,3.05343511450381,https://kjzz.org/content/1737043/ua-not-planning-virtual-start-spring-semester-amid-omicron-variant-news,2021-11-30,regular,
1017140756,20211202,USA,USA,144,14,-7.5,-2.22929936305733,http://edition.cnn.com/2008/POLITICS/04/09/house.olympics/,2021-12-02,regular,
1017010376,20211201,RUS,UKR,138,13,-7.0,-0.174216027874559,https://www.republica.com/2021/12/01/borrell-pide-evitar-una-crisis-en-ucrania-y-asegura-que-cualquier-agresion-rusa-tendra-una-fuerte-respuesta/,2021-12-01,regular,
1016995456,20211201,CHN,KOR,130,13,-4.4,-3.44202898550724,https://news.yahoo.com/us-skorea-bolster-alliance-talks-113304604.html,2021-12-01,regular,
1017655172,20211205,RUS,,172,17,-5.0,-4.6875,https://it.sputniknews.com/20211205/incidente-sfiorato-sul-mar-nero-mosca-usa-e-nato-non-possono-rischiare-la-vita-delle-persone-14054814.html,2021-12-05,regular,
1017637127,20211205,USA,RUS,138,13,-7.0,-1.53550863723608,https://www.cuartopoder.mx/nacional/putin-y-biden-celebraran-el-martes-una-cumbre-virtual/388302/,2021-12-05,regular,
1017079405,20211201,USA,,130,13,-4.4,-5.44041450777202,https://floridapolitics.com/archives/476900-rubio-scott-woke-pentagon/,2021-12-01,regular,
1017283320,20211203,,USA,180,18,-9.0,-2.76548672566371,https://www.spiked-online.com/2021/12/02/its-time-to-make-the-moral-case-for-abortion/,2021-12-03,regular,
1017300975,20211203,MEX,USA,100,10,-5.0,2.65848670756647,https://967theeagle.net/a-mysterious-new-taco-spot-is-opening-in-loves-park/,2021-12-03,regular,
1017426325,20211203,,GBR,1823,18,-10.0,-5.6980056980057,https://www.channel4.com/news/exclusive-number-of-teenagers-convicted-of-murder-more-than-doubles-in-5-years,2021-12-03,regular,
1017341048,20211203,USA,PRK,130,13,-4.4,0.58479532163743,https://www.voakorea.com/a/6337797.html,2021-12-03,regular,
1017072478,20211201,RUS,RUS,160,16,-4.0,-3.04454634785458,https://www.canarias7.es/internacional/agudiza-crisis-expulsiones-20211201205650-ntrc.html,2021-12-01,regular,
1017337390,20211203,DEU,,172,17,-5.0,-8.868501529052,https://www.dostor.org/3644822,2021-12-03,regular,
1016931105,20211201,USA,,173,17,-5.0,-7.83866057838661,https://www.cnn.com/us/live-news/oakland-county-michigan-high-school-shooting-11-30-21/h_56a36d79d93cce23fd0829ccc9fc660b,2021-12-01,regular,
1017488307,20211204,CHN,,141,14,-6.5,-3.0812324929972,https://tibet.net/tibet-bureau-geneva-raises-the-situation-in-tibet-at-the-un-forum/,2021-12-04,regular,
1017287017,20211203,USA,,160,16,-4.0,-2.68096514745309,https://richmond.com/opinion/columnists/stephan-barker-column-a-compromise-on-the-book-ban-debate/article_b149e721-d32b-5b51-b985-6cfa47349e75.html,2021-12-03,regular,
1017651145,20211205,,USA,100,10,-5.0,2.90135396518375,https://www.fayobserver.com/story/news/2021/12/05/cumberland-county-health-officials-preparing-covid-omicron-variant/8795044002/,2021-12-05,regular,
1017105987,20211202,,USA,173,17,-5.0,-7.55813953488372,https://www.beloitdailynews.com/news/local-news/michigan-man-sentenced-for-methamphetamine-charge/article_cc0ecdbc-b8c5-53e2-ae41-df09aed15451.html,2021-12-02,regular,
1016962884,20211201,USA,PHL,172,17,-5.0,2.59179265658748,https://www.business-standard.com/article/international/google-says-will-ban-political-advertising-ahead-of-philippine-election-121120100289_1.html,2021-12-01,regular,
1017117159,20211202,USA,,100,10,-5.0,-5.38793103448276,https://www.wiredprnews.com/mexico-and-us-launch-plan-to-tackle-central-american-migration-migration-news/,2021-12-02,regular,
1016839710,20211130,USA,,173,17,-5.0,-5.65110565110565,https://wcfcourier.com/news/state-and-regional/doctor-convicted-in-opioid-scheme-granted-an-iowa-medical-license/article_4f0db11c-5dda-51e4-936c-40ba05edb1a4.html,2021-11-30,regular,
1016942470,20211201,FRA,,173,17,-5.0,-2.04285002491281,https://www.theverge.com/2021/11/30/22811246/elizabeth-holmes-texts-control-theranos-money,2021-12-01,regular,
1016931101,20211201,USA,USA,180,18,-9.0,-2.94117647058823,https://www.kxxv.com/news/local-news/police-in-texas-searching-for-20-year-old-wanted-for-sexual-assault,2021-12-01,regular,
1017393571,20211202,DEU,,180,18,-9.0,-7.43801652892562,https://www.middleeastmonitor.com/20211203-germany-calls-for-life-imprisonment-for-ex-syrian-officer/,2021-12-02,regular,
1016694102,20211129,USA,,172,17,-5.0,-3.41440684861893,https://techxplore.com/news/2021-11-jack-dorsey-twitter-co-founder-trump.html,2021-11-29,regular,
1017128066,20211202,,USA,173,17,-5.0,-5.69105691056911,https://www.ojaivalleynews.com/?p=272&start=720,2021-12-02,regular,
1017022576,20211201,RUS,UKR,161,16,-4.0,0.0,https://biztoc.com/p/xzumzdv3,2021-12-01,regular,
1016893042,20211130,NMR,USA,172,17,-5.0,1.55440414507772,https://toronto.ctvnews.ca/ontario-passes-new-rules-that-will-change-work-life-balance-for-employees-1.5687603,2021-11-30,regular,
1017141932,20211202,,USA,186,18,-10.0,-4.08997955010225,https://www.fox2detroit.com/news/calls-to-revisit-gun-laws-emerge-in-wake-of-oxford-teen-mass-shooting,2021-12-02,regular,
1021152082,20211129,MDV,USA,130,13,-4.4,-1.83688464364438,https://www.thenews-chronicle.com/as-aso-rock-struggles-with-covid-19-and-a-periodically-sick-buhari-is-he-obligated-to-tell-the-public-details-about-his-health/,2021-11-29,regular,
1017659201,20211205,USA,,141,14,-6.5,1.46892655367231,https://news.uga.edu/juanita-daniel-marsh-georgia-groundbreaker/,2021-12-05,regular,
1016562336,20211129,USA,,160,16,-4.0,-2.00501253132832,https://www.almasryalyoum.com/news/details/2472307,2021-11-29,regular,
1017553349,20211204,USA,,173,17,-5.0,-10.6481481481481,https://www.sfgate.com/news/article/Iowa-man-sentenced-for-running-over-friend-after-16674629.php,2021-12-04,regular,
1074204027,20211130,USA,USA,180,18,-9.0,-4.43686006825938,https://www.sentinelsource.com/news/local/statehouse/rep-parshall-proposes-legislative-statement-against-hatred/article_7793d14d-0c0e-54a0-b302-d964b648880e.html,2021-11-30,regular,
1016685469,20211129,,RUS,172,17,-5.0,-1.49253731343283,https://tumentoday.ru/2021/11/29/glavnye-novosti-tyumenskoj-oblasti-za-29-noyabrya/,2021-11-29,regular,
1017317691,20211203,ZAF,CHN,172,17,-5.0,-1.84696569920844,https://www.fxstreet.com/news/asian-stock-market-softer-yields-favor-bulls-but-us-nfp-omicron-challenge-run-up-202112030402,2021-12-03,regular,
1017487415,20211204,JPN,,160,16,-4.0,-2.0,http://internetua.com/amerikanskii-regulyator-obratilsya-v-sud-dlya-predotvrasxeniya-sliyaniya-nvidia-i-arm,2021-12-04,regular,
1016905480,20211130,USA,ECU,174,17,-5.0,-9.61538461538461,https://denvergazette.com/news/courts/colorado-man-extradited-from-ecuador-to-face-126-sexual-assault-charges/article_7c5d53c0-522c-11ec-87c0-2b2ea14c4c22.html,2021-11-30,regular,
1016562407,20211129,,GBR,1823,18,-10.0,-7.30897009966778,http://www.msn.com/en-nz/news/uknews/man-arrested-in-cambridgeshire-after-man-and-woman-stabbed-to-death-in-north-london/ar-AAReoOj,2021-11-29,regular,
1016779556,20211130,,FRA,173,17,-5.0,2.7027027027027,https://www.bbc.com/somali/war-59471875,2021-11-30,regular,
1017017104,20211201,CHN,,172,17,-5.0,-5.37261698440208,https://blog.acton.org/archives/122726-episode-of-the-simpsons-is-erased-from-disney-lineup-in-hong-kong.html,2021-12-01,regular,
1017198231,20211202,FRA,,173,17,-5.0,-6.03015075376884,https://www.washingtonpost.com/world/paris-archbishop-who-had-ambiguous-relationship-resigns/2021/12/02/d4340160-5363-11ec-83d2-d9dab0e23b7e_story.html,2021-12-02,regular,
1016830370,20211130,USA,,181,18,-9.0,0.56872037914692,https://www.dailymail.co.uk/sciencetech/article-10258171/Tech-SALT-grain-sized-camera-crisp-colour-images-like-lenses-500-000-times-larger.html,2021-11-30,regular,
1017598191,20211205,,USA,173,17,-5.0,-11.1310592459605,https://www.huffpost.com/entry/james-jennifer-ethan-crumbley-involuntary-manslaughter-michigan-school-shooting_n_61abee0de4b0f398af21f36a,2021-12-05,regular,
1016565369,20211129,USA,HTI,181,18,-9.0,-2.36541598694943,https://www.startribune.com/readers-write-birthrates-critical-race-theory-global-involvement-climate-change/600121693/,2021-11-29,regular,
1017007561,20211201,USA,,101,10,-5.0,-3.125,http://saharareporters.com/2021/12/01/who-are-you-working-history-will-judge-you-%E2%80%93-family-ipob-leader-nnamdi-kanu-slams-senator,2021-12-01,regular,
1017603284,20211205,USA,,130,13,-4.4,-2.32323232323232,https://freerepublic.com/tag/*/index?more=4018374,2021-12-05,regular,
1016641793,20211129,USA,,141,14,-6.5,-5.97438872996167,https://www.stiripesurse.ro/fostul-presedinte-georgian-mihail-saakasvili-in-fata-justitiei-sustinatorii-sai-protesteaza-in-strada_2118790.html,2021-11-29,regular,
1017048193,20211201,,USA,173,17,-5.0,-4.2,https://www.crainsdetroit.com/real-estate/viktor-gjonaj-begins-federal-prison-sentence-wire-fraud,2021-12-01,regular,
1017440098,20211203,EUR,,160,16,-4.0,-2.43902439024391,https://www.cnnindonesia.com/internasional/20211203162432-113-729579/taliban-umumkan-dekrit-perlindungan-hak-perempuan-afghanistan,2021-12-03,regular,
1016806934,20211130,RUS,LTU,100,10,-5.0,0.895522388059701,https://www.newdelhitimes.com/taiwan-europe-must-defend-democracy-together-president-says/,2021-11-30,regular,
1016929098,20211201,USA,,141,14,-6.5,1.62162162162162,https://www.swapacd.com/Bob-Dylan-Time-Out-Mind/cd/314906/,2021-12-01,regular,
1017590878,20211205,,RUS,1822,18,-9.0,-2.5,https://xakac.info/news/98645,2021-12-05,regular,
1017171751,20211202,USA,,1711,17,-9.2,-5.20694259012016,https://buffalonews.com/news/local/crime-and-courts/feds-seize-467k-from-former-ub-student-as-they-investigate-drug-trafficking-near-amherst-campus/article_226af306-497e-11ec-a473-2787314c508b.html,2021-12-02,regular,
1017338764,20211203,USA,,173,17,-5.0,3.06122448979592,https://www.graphic.com.gh/business/business-news/ghana-news-great-time-to-invest-in-ghana-akufo-add0-tells-black-businesses-in-usa.html,2021-12-03,regular,
1017054754,20211201,RUS,,163,16,-8.0,-4.26621160409556,https://www.midilibre.fr/2021/12/01/les-etats-unis-menacent-la-russie-de-sanctions-en-cas-doffensive-en-ukraine-9964229.php,2021-12-01,regular,
1017507251,20211204,,USA,182,18,-9.5,-6.36363636363636,https://www.voiceofalexandria.com/news/local/man-found-dead-in-air-duct-of-rural-minnesota-residence/article_e4c9c282-c235-5d03-a1d2-adf631484809.html,2021-12-04,regular,
1017488605,20211204,RUS,,130,13,-4.4,-5.82459207459207,https://news.yahoo.com/russia-planning-ukraine-offensive-175-042627838.html,2021-12-04,regular,
1017098518,20211202,EUR,,100,10,-5.0,-3.04396843291995,https://www.chroniclejournal.com/news/national/canadians-in-south-africa-face-cancelled-flights-uncertainty-as-they-try-to-return/article_99422054-780f-59d9-a5ec-8d5167462528.html,2021-12-02,regular,
1016876057,20211130,RUS,,130,13,-4.4,-5.49618320610687,https://www.cbsnews.com/news/russia-ukraine-aggression-us-serious-consequences/,2021-11-30,regular,
1016796173,20211130,,RUS,163,16,-8.0,-3.79746835443038,http://www.msn.com/en-us/news/world/russia-s-military-buildup-has-ukraine-and-nato-on-edge/ar-AARidFA,2021-11-30,regular,
1017228461,20211202,USA,USA,173,17,-5.0,-10.7003891050584,https://gazette.com/elections/judge-questions-authority-to-hear-latest-dominion-related-suit/article_8b200866-5322-11ec-93d4-33b1c6569ca4.html,2021-12-02,regular,
1017426849,20211203,,USA,141,14,-6.5,-8.34492350486787,https://www.dispatch.com/story/news/courts/2021/12/03/defense-motion-dismiss-murder-case-against-husel-denied-judge/8846067002/,2021-12-03,regular,
1073992564,20211129,USA,,172,17,-5.0,-1.93771626297578,https://www.foxnews.com/entertainment/will-smith-johnny-depp-celebrity-comebacks-after-being-canceled,2021-11-29,regular,
1021435062,20220101,USA,USA,173,17,-5.0,-5.77617328519856,https://kentuckystatepolice.org/p1-12-10-2021/,2022-01-01,regular,
1021257948,20211230,,RUS,100,10,-5.0,-6.97674418604651,https://www.vesti.ru/auto/article/2659114,2021-12-30,regular,
1021523398,20220102,,GBR,173,17,-5.0,-7.65274634848797,https://www.stokesentinel.co.uk/news/stoke-on-trent-news/faces-stories-criminals-locked-up-6424530,2022-01-02,regular,
1021486463,20220101,USA,USA,1712,17,-9.2,-9.01639344262295,https://www.wccbcharlotte.com/2022/01/01/wildfires-burn-hundreds-of-homes-in-colorado-thousands-flee/,2022-01-01,regular,
1021228770,20211230,DEU,IRQ,173,17,-5.0,-4.73118279569893,https://www.dw.com/en/bringing-islamic-state-extremists-to-justice/a-60276889,2021-12-30,regular,
1020951588,20211228,CHE,RUS,173,17,-5.0,0.526315789473686,"https://tvrepublika.pl/Rosyjskie-zadania-USA-i-Moskwa-spotkaja-sie-w-Genewie,132828.html",2021-12-28,regular,
1020808434,20211227,GBR,UKR,160,16,-4.0,-3.8865637052282,https://tass.ru/ekonomika/13304761,2021-12-27,regular,
1021372598,20211231,USA,GBR,141,14,-6.5,-5.40699382897444,https://www.breitbart.com/europe/2021/12/31/britains-year-of-climate-craziness-from-greta-to-boris/,2021-12-31,regular,
1021337852,20211231,,USA,138,13,-7.0,0.926449787835922,https://www.ncadvertiser.com/news/article/Revelers-await-return-to-NYC-s-Times-Square-to-16739915.php,2021-12-31,regular,
1021274449,20211230,,USA,172,17,-5.0,-13.4099616858238,https://www.msn.com/en-us/health/medical/florida-woman-gets-175m-from-salon-that-injured-her-foot-during-pedicure-forcing-amputation/ar-AAShBaS,2021-12-30,regular,
1021308226,20211231,USA,FRA,100,10,-5.0,2.37467018469657,https://www.kmjnow.com/news/high-end-champagne-shortage-could-ruin-your-new-years-eve/,2021-12-31,regular,
1021011226,20211228,USA,NIC,173,17,-5.0,-3.37078651685394,https://www.mintpressnews.com/yes-10-good-things-2021/279337/,2021-12-28,regular,
1021025462,20211228,USA,,131,13,-5.8,-3.63482671174979,https://www.heraldandnews.com/members/forum/wire_commentary/other-views-californians-overwhelmingly-supported-legalizing-marijuana-why-is-it-still-a-mess/article_01d8da0d-aa44-51d2-bb7b-3dc665716117.html,2021-12-28,regular,
1021168703,20211229,USA,,172,17,-5.0,-6.42201834862385,https://journaltimes.com/news/local/man-allegedly-drunk-and-high-threated-to-gut-people-at-union-grove-bar-on-christmas/article_ec1cbb8c-2244-5cfc-9794-777c98c057f0.html,2021-12-29,regular,
1021569679,20220102,RUS,UKR,130,13,-4.4,-2.01149425287357,http://jordantimes.com/news/world/biden-putin-emphasise-diplomacy-ahead-call-over-ukraine-crisis,2022-01-02,regular,
1021024748,20211228,USA,,100,10,-5.0,-2.1356783919598,https://www.chronicleonline.com/news/state/florida-mayor-desantis-has-been-mia-during-omicron-surge/article_2faef607-1d77-534b-91d3-b7fe72597a0c.html,2021-12-28,regular,
1021106779,20211229,GBR,,172,17,-5.0,-4.04217926186292,https://www.getsurrey.co.uk/lifestyle/travel/gatwick-heathrow-full-list-countries-22593306,2021-12-29,regular,
1020903874,20211228,AFR,GBR,141,14,-6.5,-4.35413642960813,https://www.wrcbtv.com/story/45542716/cdc-shortens-recommended-covid19-isolation-and-quarantine-time,2021-12-28,regular,
1021377507,20211231,RUS,USA,130,13,-4.4,-7.6923076923077,https://www.businessinsider.com.au/putin-warns-biden-call-relations-collapse-sanctions-ukraine-2021-12,2021-12-31,regular,
1021229322,20211230,USA,,100,10,-5.0,0.52724077328647,https://www.thenation.com/article/world/desmond-tutu-obit/,2021-12-30,regular,
1021429488,20220101,USA,,172,17,-5.0,-4.48877805486284,https://www.theday.com/nationworld-news/20211231/new-laws-take-effect-across-us-on-abortion-policing-taxes,2022-01-01,regular,
1021376377,20211231,USA,,172,17,-5.0,0.81411126187246,https://www.msn.com/en-us/health/wellness/tampa-bay-we-drank-more-booze-in-the-pandemic-dry-january-anyone/ar-AASjgDN,2021-12-31,regular,
1021391029,20211231,GBR,,145,14,-7.5,-1.2448132780083,https://www.bssnews.net/news-flash/36392,2021-12-31,regular,
1021124424,20211229,USA,,1043,10,-5.0,-1.51387720773759,https://greensboro.com/news/national/in-abortion-rights-debate-biden-doesnt-often-use-the-word/article_90de8c53-ea66-5980-8eb7-21123bb319b3.html,2021-12-29,regular,
1021073709,20211229,CAN,USA,173,17,-5.0,-7.75193798449612,https://tass.com/society/1382173,2021-12-29,regular,
1021306433,20211230,USA,,173,17,-5.0,-5.77114427860696,https://www.nationalmemo.com/judicial-rulings-crush-proud-boys,2021-12-30,regular,
1021033017,20211228,EUR,,172,17,-5.0,-5.33980582524272,https://net.hr:443/danas/hrvatska/zoran-sprajca-europskim-birokratima-ne-pada-napamet-zabraniti-koristenje-ribarskih-mreza-7b856078-682a-11ec-bd4b-6262c1c7a3a8,2021-12-28,regular,
1020961260,20211228,CHN,,173,17,-5.0,-0.1842681101002,https://www.hancinema.net/korean_drama_Yi_San.php,2021-12-28,regular,
1021178590,20211230,USA,ITA,173,17,-5.0,-10.5263157894737,https://www.northwestgeorgianews.com/rome/news/police_fire/rome-man-charged-with-meth-possession/article_f2f6c106-68ed-11ec-b5a9-8f3570864f68.html,2021-12-30,regular,
1021515516,20220102,RUS,,160,16,-4.0,-3.54938271604938,https://www.jewishpress.com/news/global/europe/ukraine/israel-condemns-kiev-torchlight-celebration-of-ukrainian-nazi-collaborator/2022/01/02/,2022-01-02,regular,
1020814921,20211227,,USA,138,13,-7.0,-2.10526315789474,https://wtaq.com/2021/12/27/ruling-on-part-of-2020-election-expected-soon/,2021-12-27,regular,
1021384011,20211231,USA,,166,16,-7.0,-1.96353436185133,https://www.hoy.com.py/mundo/cientos-de-casas-destruidas-y-33.000-personas-con-orden-de-evacuacion-por-incendio-en-colorado,2021-12-31,regular,
1021179045,20211230,,USA,100,10,-5.0,-4.0,https://cnnphilippines.com:443/world/2021/12/30/US-CDC-isolation-guidance-Omicron-COVID-19.html,2021-12-30,regular,
1020926579,20211228,USA,,163,16,-8.0,-2.6378896882494,https://nationalinterest.org/blog/buzz/xi-shakes-chinese-leadership-xinjiang-198630,2021-12-28,regular,
1021147177,20211229,USA,,163,16,-8.0,-5.62429696287964,https://www.jpost.com/opinion/article-690130,2021-12-29,regular,
1020826855,20211227,USA,,131,13,-5.8,-5.02092050209206,https://www.latimes.com/obituaries/story/2021-12-27/sarah-weddington-lawyer-argued-roe-vs-wade-dead,2021-12-27,regular,
1021044833,20211229,,USA,130,13,-4.4,-7.14285714285714,https://www.ifiberone.com/south_sound/south_sound/local-driver-pulled-over-for-failure-to-clear-snow-off-car/article_482c52a4-682f-11ec-b8d9-37d36a6a026c.html,2021-12-29,regular,
1020977267,20211228,USA,CAN,172,17,-5.0,-1.77079852990311,https://www.normantranscript.com/news/as-some-oklahoma-churches-push-vaccines-others-sow-misinformation-doubt/article_082e19e0-674d-11ec-bbd6-b75e9ab8376a.html,2021-12-28,regular,
1021286654,20211230,USA,,180,18,-9.0,-2.45664739884393,https://www.grandforksherald.com/news/north-dakota/drew-wrigley-to-run-for-north-dakota-attorney-general,2021-12-30,regular,
1021356630,20211231,IRN,USA,173,17,-5.0,-1.59362549800797,https://ua.interfax.com.ua/news/general/789249.html,2021-12-31,regular,
1020979692,20211228,ARM,FRA,141,14,-6.5,-4.51127819548872,https://news.am/eng/news/679707.html,2021-12-28,regular,
1020967937,20211228,RUS,,141,14,-6.5,-8.78378378378378,https://sputniknews.com/20211228/sputnik-v-developers-to-putin-trials-show-the-russian-vaccine-neutralises-omicron-strain-1091858897.html,2021-12-28,regular,
1021395702,20211231,TWN,CHN,186,18,-10.0,-1.74138569840682,https://www.taipeitimes.com/News/editorials/archives/2022/01/01/2003770517,2021-12-31,regular,
1021303982,20211230,USA,,130,13,-4.4,-4.50581395348838,https://kyma.com/year-in-review/local-year-in-review/2021/12/30/2021-year-in-review-imperial-county-perseveres-through-a-challenging-year/,2021-12-30,regular,
1021419240,20211231,,USA,173,17,-5.0,-9.52380952380951,https://www.herald-dispatch.com/news/man-dead-after-shooting-in-boone-county-one-charged/article_e5b75620-8160-5004-a214-f905193fa620.html,2021-12-31,regular,
1021056119,20211229,USA,,1821,18,-9.0,-2.97029702970297,https://www.klkntv.com/college-ordered-to-pay-300000-for-way-it-handled-rape-case/,2021-12-29,regular,
1021569759,20220102,USA,,173,17,-5.0,-10.2086566649423,http://www.msn.com/en-us/news/us/controversial-police-encounters-fast-facts/ar-AAAKxEy,2022-01-02,regular,
1021441317,20220101,GBR,GBR,173,17,-5.0,-10.3550295857988,https://www.thenorthernecho.co.uk/news/19781582.faces-people-facing-justice-last-year/,2022-01-01,regular,
1020961797,20211228,RUS,,1721,17,-5.0,-5.07364975450082,https://www.irishtimes.com/news/world/europe/russian-court-orders-closure-of-country-s-oldest-human-rights-group-1.4764883,2021-12-28,regular,
1021344370,20211231,GBR,,1821,18,-9.0,-9.34135528815704,https://www.hulldailymail.co.uk/news/hull-east-yorkshire-news/pub-landlord-top-police-cop-6410637,2021-12-31,regular,
1021079058,20211229,FRA,,160,16,-4.0,-2.24719101123596,https://www.macaubusiness.com/france-extends-nightclub-closures-as-covid-cases-surge/,2021-12-29,regular,
1021381364,20211231,USA,USA,173,17,-5.0,-9.40577249575554,https://www.dailymail.co.uk/news/article-10353229/Netflix-details-Times-Square-torso-killer-Richard-Cottingham-severed-limbs-heads-victims.html,2021-12-31,regular,
1021173688,20211230,,RUS,130,13,-4.4,-1.25195618153364,https://www.franceguyane.fr/actualite/international/biden-proposera-a-poutine-une-voie-diplomatique-sur-l-ukraine-lors-d-un-appel-jeudi-493963.php,2021-12-30,regular,
1021396246,20211231,,USA,160,16,-4.0,-5.55086408379822,https://mynorthwest.com/3295959/wave-of-cancelled-flights-from-omicron-closes-out-2021/,2021-12-31,regular,
1021116411,20211229,USA,,203,20,-10.0,-5.71696344892221,http://www.alahednews.com.lb/article.php?id=38278&cid=124,2021-12-29,regular,
1020965120,20211228,CHN,,185,18,-8.0,0.46728971962617,https://www.marca.com/tiramillas/actualidad/sucesos/2021/12/28/61cae7d246163f709e8b457e.html,2021-12-28,regular,
1021227672,20211230,USA,,173,17,-5.0,-4.06349206349207,https://www.oakridger.com/story/news/2021/12/30/can-tennesseans-felony-convictions-get-voting-rights-restored/8909816002/,2021-12-30,regular,
1021530130,20220102,GBR,,175,17,-9.0,-5.09607351712615,https://www.northern-times.co.uk/news/national/article/family-of-peggy-deery-prepare-to-mark-50-years-since-bloody-sunday-37537/,2022-01-02,regular,
1021248165,20211230,MLI,FRA,181,18,-9.0,-2.52100840336135,https://www.diariosigloxxi.com/texto-ep/mostrar/20211230133013/secuestrado-norte-mali-trabajador-humanitario-ong-francesa,2021-12-30,regular,
1021184083,20211230,USA,,154,15,-7.2,-1.95729537366548,https://www.bryantimes.com/news/local/ohio-hit-hard-with-covid/article_507b8675-303f-5d82-8e0e-5992645c964f.html,2021-12-30,regular,
1021065513,20211229,,EUR,141,14,-6.5,-0.43103448275862,https://primamedia.ru/news/1217581/,2021-12-29,regular,
1020880027,20211227,USA,,145,14,-7.5,-3.67100371747212,http://new.irasciblemusings.com/page/436/,2021-12-27,regular,
1021382287,20211231,,CHN,100,10,-5.0,0.0,https://www.breitbart.com/radio/2021/12/30/exclusive-peter-schweizer-harry-reid-enriched-himself-family-used-fear-control-persuade/,2021-12-31,regular,
1021325840,20211231,,GBR,172,17,-5.0,-0.522980607726375,https://tass.ru/ekonomika/13339961,2021-12-31,regular,
1021400261,20211231,USA,CUB,100,10,-5.0,-7.15421303656597,https://www.wiredprnews.com/u-s-governor-of-colorado-reduces-truck-drivers-sentence-by-100-years-court-news/,2021-12-31,regular,
1021266074,20211230,USA,,160,16,-4.0,-7.70070563174012,https://www.thestar.com.my/news/world/2021/12/31/uk-rail-operator-cancels-london-route-due-to-covid-disruption,2021-12-30,regular,
1020910170,20211228,CHN,CHN,160,16,-4.0,-3.7433155080214,https://www.wtol.com/article/news/nation-world/delta-flight-china-shanghai-returns-midair-covid-rules/507-1c8d4b15-0cd9-454b-ba4f-47b5ecbc70e7,2021-12-28,regular,
1021297581,20211230,,USA,138,13,-7.0,-9.30735930735931,https://www.dailymail.co.uk/news/article-10356827/California-grocery-store-clerk-caught-Iowa-en-route-White-House-kill-Biden-Fauci.html,2021-12-30,regular,
1021181558,20211230,USA,,1721,17,-5.0,-2.72479564032697,https://www.theepochtimes.com/c-us/3652,2021-12-30,regular,
1021506076,20220102,FRA,EUR,100,10,-5.0,-4.20560747663551,https://www.nieuwsblad.be/cnt/dmf20220101_97675370,2022-01-02,regular,
1021038467,20211229,USA,USA,172,17,-5.0,-6.54761904761905,https://squatchrocks.com/wisconsin-law-bans-cellphone-use-near-accidents/,2021-12-29,regular,
1021074470,20211229,,JPN,1712,17,-9.2,-3.25865580448065,https://deita.ru/article/508523,2021-12-29,regular,
1020901508,20211227,,RUS,130,13,-4.4,-7.65306122448979,https://www.main-echo.de/ueberregional/politik/russland-warnt-vor-bewaffnetem-konflikt-mit-der-nato-art-7451916,2021-12-27,regular,
1021063297,20211229,RUS,,1721,17,-5.0,-0.18111840615803,https://www.alternatives-economiques.fr/revaloriser-metiers-essentiels/00101601,2021-12-29,regular,
1021554493,20220102,USA,,130,13,-4.4,-4.32432432432433,https://www.marica.bg/svqt/princ-andryu-gubi-titlata-si-zaradi-iznasilvane,2022-01-02,regular,
1021419876,20220101,,GBR,186,18,-10.0,-0.23255813953488,https://www.thecourier.co.uk/business-environment/business/2872710/former-bt-chairman-jan-du-plessis-knighted-for-services-to-telecoms/,2022-01-01,regular,
1020791793,20211227,USA,,180,18,-9.0,-9.6875,https://www.fox32chicago.com/news/man-charged-with-attempted-murder-of-chicago-cops-in-university-village-held-on-1m-bond,2021-12-27,regular,
1021301929,20211230,,DEU,173,17,-5.0,-11.1111111111111,https://www.onenewspage.com/n/Front+Page/1zn5138avf/German-court-jails-prophet-for-sexual-abuse.htm,2021-12-30,regular,
1078363597,20220101,CHN,TWN,141,14,-6.5,-2.10526315789474,https://dunyanews.tv/en/World/685751--Taiwans-Tsai-offers-aid-to-China-amid-Covid-surge,2022-01-01,regular,
1021316902,20211231,CHN,,172,17,-5.0,-0.83682008368201,https://menafn.com/1103466587/Sri-Lanka-Chinas-Foreign-Minister-Wang-Yi-to-visit-Sri-Lanka-as-diplomatic-scuffle-continues-over-fertilizer-fiasco&source=19,2021-12-31,regular,
1021106808,20211229,GBR,,172,17,-5.0,-4.04217926186292,https://www.getsurrey.co.uk/lifestyle/travel/gatwick-heathrow-full-list-countries-22593306,2021-12-29,regular,
1021169828,20211230,,USA,173,17,-5.0,-11.3756613756614,https://www.dailystar.co.uk/news/world-news/girl-found-raped-killed-home-25812806,2021-12-30,regular,
1021266065,20211230,USA,USA,130,13,-4.4,-1.71428571428571,https://www.10tv.com/article/news/local/doctor-suggests-ohioans-take-covid-19-test-before-gathering-for-new-years-eve/530-319f3ac8-7553-4c96-9809-21b30dbee86d,2021-12-30,regular,
1021084466,20211229,RUS,POL,174,17,-5.0,-7.73558368495077,https://www.kuna.net.kw/ArticleDetails.aspx?id=3019361&Language=ar,2021-12-29,regular,
1020894690,20211227,USA,,180,18,-9.0,-7.14285714285714,https://www.corrections1.com/contraband/articles/soaring-covid-infections-cap-tumultuous-year-for-ohio-jail-6xiEbTqETptl30Dp/,2021-12-27,regular,
1020958650,20211228,USA,AFG,143,14,-6.5,-4.13486005089059,https://www.dailymail.co.uk/news/article-10349567/US-chartered-evacuation-flights-suspended-fears-Taliban-using-planes-raise-cash-abroad.html,2021-12-28,regular,
1021564360,20220102,USA,USA,173,17,-5.0,-3.38504936530324,https://www.telegraph.co.uk/royal-family/2022/01/02/prince-andrew-could-face-legal-action-despite-agreement-virginia/,2022-01-02,regular,
1020969357,20211228,PAK,USA,100,10,-5.0,-4.43686006825938,https://www.geo.tv/latest/390225-rupees-downward-spiral-continues-unabated-as-it-hits-17789,2021-12-28,regular,
1021044084,20211229,USA,,173,17,-5.0,-5.19480519480519,https://wtvbam.com/2021/12/28/hong-kong-police-arrest-6-current-or-former-staff-of-online-media-outlet/,2021-12-29,regular,
1021567891,20220102,USA,,160,16,-4.0,2.14669051878354,https://www.cinemablend.com/superheroes/the-petition-to-revive-charlie-coxs-daredevil-has-gained-some-serious-momentum,2022-01-02,regular,
1021026411,20211228,,USA,100,10,-5.0,-1.17647058823529,https://austin.culturemap.com/news/city-life/12-28-21-austin-top-city-for-relocating-workers-job-seekers-linkedin-realtor-study/,2021-12-28,regular,
1020916901,20211228,EUR,FRA,172,17,-5.0,-4.2098445595855,https://www.thespectrum.com/story/news/health/2021/12/25/flights-canceled-christmas-celebrated-amid-omicron-concerns/9015742002/,2021-12-28,regular,
1020977669,20211228,FRA,,160,16,-4.0,-4.40528634361234,https://www.elbalad.news/5103516,2021-12-28,regular,
1021532491,20220102,USA,,143,14,-6.5,2.14424951267057,https://www.wraltechwire.com/2022/01/02/blackberry-classic-phones-running-old-software-to-stop-working-on-jan-4/,2022-01-02,regular,
1020960402,20211228,USA,TWN,100,10,-5.0,0.51746442432083,https://www.globaltimes.cn/page/202112/1243596.shtml,2021-12-28,regular,
1021525345,20220102,,RUS,182,18,-9.5,-7.69230769230769,https://www.wtvr.com/news/local-news/commerce-street-double-shooting-new-years-petersburg,2022-01-02,regular,
1021494223,20220101,USA,,130,13,-4.4,-3.49907918968692,https://www.ksl.com/article/50320825/avalanche-danger-high-statewide-traffic-delays-fail-to-deter-skiers-snowboarders,2022-01-01,regular,
1021470037,20220101,RUS,BGR,130,13,-4.4,-1.04166666666667,https://www.investor.bg/ikonomika-i-politika/332/a/bulgargaz-dostavkite-na-gaz-za-bylgariia-ne-sa-zastrasheni-342862/,2022-01-01,regular,
1020854555,20211227,RUS,,138,13,-7.0,-4.15430267062315,https://www.rt.com/russia/544501-west-pushed-ukraine-war/,2021-12-27,regular,
1020813456,20211227,USA,,172,17,-5.0,-2.03938115330521,https://www.kilgorenewsherald.com/oklahoma-watch-as-some-churches-push-vaccines-others-sow-misinformation-doubt/article_30578df1-8746-5d60-8b39-967f102e6090.html,2021-12-27,regular,
